LScanVer, 2101
Time, 10:24
ImageRes, 1024x800
FieldSize (um), 1525.000x1210.000
Elements, 4
Points, 1445
HV, 20
Mag, 200
Dwell, 0.1
Detector, EDS1
DetectorType, ApolloXPSDD
Data Type, ZafAt
Amp Time, 0.8
NumOfFrames, 1
Rebuild Line Parent, Bereich 1/Linienprofil 1
Point, Distance (um), Mg K, Al K, Si K, Fe K, Image, Frame
1, 0.0, 1.513, 97.113, 1.374, 0.000, 0, 21, , 
2, 1.0, 1.311, 97.495, 1.195, 0.000, 0, 21, , 
3, 2.0, 1.792, 96.715, 1.494, 0.000, 0, 21, , 
4, 3.0, 1.627, 97.906, 0.467, 0.000, 0, 21, , 
5, 4.0, 1.106, 97.045, 1.849, 0.000, 0, 21, , 
6, 5.0, 1.613, 97.751, 0.636, 0.000, 0, 21, , 
7, 6.0, 1.795, 96.445, 1.760, 0.000, 0, 21, , 
8, 7.0, 1.880, 96.186, 1.933, 0.000, 0, 21, , 
9, 8.0, 1.572, 97.894, 0.533, 0.000, 0, 21, , 
10, 9.0, 1.599, 96.738, 1.664, 0.000, 0, 21, , 
11, 10.0, 1.440, 97.982, 0.578, 0.000, 0, 21, , 
12, 11.0, 1.686, 97.082, 1.231, 0.000, 0, 21, , 
13, 12.0, 1.688, 96.153, 2.159, 0.000, 0, 21, , 
14, 13.0, 2.220, 96.997, 0.783, 0.000, 0, 21, , 
15, 14.0, 1.875, 96.879, 1.245, 0.000, 0, 21, , 
16, 15.0, 1.358, 97.195, 1.262, 0.184, 0, 21, , 
17, 16.0, 1.485, 97.461, 1.054, 0.000, 0, 21, , 
18, 17.0, 1.946, 96.902, 1.152, 0.000, 0, 21, , 
19, 18.0, 1.826, 96.812, 1.363, 0.000, 0, 21, , 
20, 19.0, 1.617, 96.572, 1.810, 0.000, 0, 21, , 
21, 20.0, 1.397, 97.004, 1.598, 0.000, 0, 21, , 
22, 21.0, 1.705, 97.022, 1.274, 0.000, 0, 21, , 
23, 22.0, 1.636, 97.199, 1.166, 0.000, 0, 21, , 
24, 23.0, 1.915, 96.393, 1.692, 0.000, 0, 21, , 
25, 24.0, 1.746, 96.814, 1.441, 0.000, 0, 21, , 
26, 25.0, 1.476, 96.709, 1.815, 0.000, 0, 21, , 
27, 26.0, 1.644, 96.969, 1.386, 0.000, 0, 21, , 
28, 27.0, 1.898, 97.173, 0.929, 0.000, 0, 21, , 
29, 28.0, 1.716, 97.130, 1.154, 0.000, 0, 21, , 
30, 29.0, 2.229, 96.661, 1.110, 0.000, 0, 21, , 
31, 30.0, 1.780, 97.198, 1.021, 0.000, 0, 21, , 
32, 31.0, 1.478, 97.543, 0.979, 0.000, 0, 21, , 
33, 32.0, 2.027, 96.436, 1.537, 0.000, 0, 21, , 
34, 33.0, 1.343, 98.657, 0.000, 0.000, 0, 21, , 
35, 34.0, 1.882, 97.082, 1.035, 0.000, 0, 21, , 
36, 35.0, 1.911, 97.181, 0.908, 0.000, 0, 21, , 
37, 36.0, 2.033, 97.395, 0.572, 0.000, 0, 21, , 
38, 37.0, 1.410, 97.319, 1.271, 0.000, 0, 21, , 
39, 38.0, 1.892, 93.060, 5.048, 0.000, 0, 21, , 
40, 39.0, 0.950, 79.445, 19.605, 0.000, 0, 21, , 
41, 40.0, 1.069, 64.899, 34.032, 0.000, 0, 21, , 
42, 41.0, 1.245, 48.833, 49.922, 0.000, 0, 21, , 
43, 42.0, 1.406, 40.329, 58.265, 0.000, 0, 21, , 
44, 43.0, 1.308, 50.966, 47.726, 0.000, 0, 21, , 
45, 44.0, 1.236, 61.122, 37.642, 0.000, 0, 21, , 
46, 45.0, 0.958, 62.359, 36.683, 0.000, 0, 21, , 
47, 46.0, 1.446, 72.464, 26.089, 0.000, 0, 21, , 
48, 47.0, 1.753, 88.067, 10.180, 0.000, 0, 21, , 
49, 48.0, 1.476, 95.227, 3.297, 0.000, 0, 21, , 
50, 49.0, 1.889, 96.731, 1.380, 0.000, 0, 21, , 
51, 50.0, 1.998, 95.787, 2.215, 0.000, 0, 21, , 
52, 51.0, 1.295, 88.420, 10.285, 0.000, 0, 21, , 
53, 52.0, 1.686, 86.713, 11.601, 0.000, 0, 21, , 
54, 53.0, 1.469, 91.975, 6.555, 0.000, 0, 21, , 
55, 54.0, 1.497, 83.711, 14.792, 0.000, 0, 21, , 
56, 55.0, 1.233, 58.980, 39.788, 0.000, 0, 21, , 
57, 56.0, 1.108, 43.819, 55.072, 0.000, 0, 21, , 
58, 57.0, 0.795, 62.315, 36.891, 0.000, 0, 21, , 
59, 58.0, 1.577, 83.662, 14.761, 0.000, 0, 21, , 
60, 59.0, 1.619, 87.547, 10.834, 0.000, 0, 21, , 
61, 60.0, 1.762, 73.028, 25.210, 0.000, 0, 21, , 
62, 61.0, 1.376, 64.317, 34.307, 0.000, 0, 21, , 
63, 62.0, 1.798, 82.261, 15.941, 0.000, 0, 21, , 
64, 63.0, 1.434, 93.044, 5.522, 0.000, 0, 21, , 
65, 64.0, 1.363, 97.395, 1.242, 0.000, 0, 21, , 
66, 65.0, 2.104, 97.330, 0.565, 0.000, 0, 21, , 
67, 66.0, 1.848, 97.541, 0.612, 0.000, 0, 21, , 
68, 67.0, 1.646, 97.289, 1.065, 0.000, 0, 21, , 
69, 68.0, 1.191, 97.844, 0.965, 0.000, 0, 21, , 
70, 69.0, 1.953, 96.923, 1.124, 0.000, 0, 21, , 
71, 70.0, 1.843, 96.921, 1.236, 0.000, 0, 21, , 
72, 71.0, 1.846, 96.511, 1.643, 0.000, 0, 21, , 
73, 72.0, 1.263, 97.589, 1.148, 0.000, 0, 21, , 
74, 73.0, 1.562, 96.129, 2.309, 0.000, 0, 21, , 
75, 74.0, 1.415, 97.065, 1.520, 0.000, 0, 21, , 
76, 75.0, 1.397, 97.512, 1.090, 0.000, 0, 21, , 
77, 76.0, 1.501, 97.193, 1.306, 0.000, 0, 21, , 
78, 77.0, 1.921, 97.379, 0.700, 0.000, 0, 21, , 
79, 78.0, 1.344, 97.409, 1.247, 0.000, 0, 21, , 
80, 79.0, 2.062, 97.063, 0.875, 0.000, 0, 21, , 
81, 80.0, 1.733, 96.932, 1.336, 0.000, 0, 21, , 
82, 81.0, 1.516, 96.938, 1.546, 0.000, 0, 21, , 
83, 82.0, 1.446, 97.022, 1.533, 0.000, 0, 21, , 
84, 83.0, 1.873, 96.488, 1.639, 0.000, 0, 21, , 
85, 84.0, 1.359, 97.566, 1.075, 0.000, 0, 21, , 
86, 85.0, 1.725, 96.602, 1.673, 0.000, 0, 21, , 
87, 86.0, 1.701, 97.891, 0.408, 0.000, 0, 21, , 
88, 87.0, 1.136, 97.482, 1.382, 0.000, 0, 21, , 
89, 88.0, 1.432, 96.994, 1.574, 0.000, 0, 21, , 
90, 89.0, 1.613, 97.042, 1.345, 0.000, 0, 21, , 
91, 90.0, 1.684, 97.271, 1.044, 0.000, 0, 21, , 
92, 91.0, 1.511, 97.214, 1.275, 0.000, 0, 21, , 
93, 92.0, 1.631, 96.882, 1.488, 0.000, 0, 21, , 
94, 93.0, 1.788, 97.639, 0.573, 0.000, 0, 21, , 
95, 94.0, 1.265, 97.399, 1.336, 0.000, 0, 21, , 
96, 95.0, 1.474, 97.152, 1.373, 0.000, 0, 21, , 
97, 96.0, 1.464, 96.670, 1.866, 0.000, 0, 21, , 
98, 97.0, 1.713, 96.422, 1.865, 0.000, 0, 21, , 
99, 98.0, 2.140, 96.727, 1.133, 0.000, 0, 21, , 
100, 99.0, 1.930, 96.483, 1.587, 0.000, 0, 21, , 
101, 100.0, 1.618, 97.256, 1.127, 0.000, 0, 21, , 
102, 101.0, 1.466, 97.168, 1.366, 0.000, 0, 21, , 
103, 102.0, 1.738, 96.687, 1.576, 0.000, 0, 21, , 
104, 103.0, 1.563, 96.755, 1.682, 0.000, 0, 21, , 
105, 104.0, 1.656, 97.161, 1.183, 0.000, 0, 21, , 
106, 105.0, 1.863, 97.299, 0.839, 0.000, 0, 21, , 
107, 106.0, 1.847, 96.706, 1.447, 0.000, 0, 21, , 
108, 107.0, 1.896, 96.745, 1.358, 0.000, 0, 21, , 
109, 108.0, 1.800, 97.058, 1.142, 0.000, 0, 21, , 
110, 109.0, 1.968, 96.592, 1.439, 0.000, 0, 21, , 
111, 110.0, 1.460, 98.540, 0.000, 0.000, 0, 21, , 
112, 111.0, 2.178, 96.653, 1.168, 0.000, 0, 21, , 
113, 112.0, 1.847, 97.487, 0.666, 0.000, 0, 21, , 
114, 113.0, 1.761, 97.619, 0.620, 0.000, 0, 21, , 
115, 114.0, 1.705, 97.546, 0.749, 0.000, 0, 21, , 
116, 115.0, 1.303, 98.005, 0.692, 0.000, 0, 21, , 
117, 116.0, 1.647, 96.223, 2.131, 0.000, 0, 21, , 
118, 117.0, 1.990, 91.819, 6.191, 0.000, 0, 21, , 
119, 118.0, 1.484, 80.815, 17.701, 0.000, 0, 21, , 
120, 119.0, 1.692, 87.804, 10.504, 0.000, 0, 21, , 
121, 120.0, 2.023, 94.011, 3.967, 0.000, 0, 21, , 
122, 121.0, 1.847, 92.769, 5.384, 0.000, 0, 21, , 
123, 122.0, 1.331, 79.565, 19.104, 0.000, 0, 21, , 
124, 123.0, 1.018, 53.547, 45.435, 0.000, 0, 21, , 
125, 124.0, 0.837, 32.753, 66.410, 0.000, 0, 21, , 
126, 125.0, 1.238, 25.657, 73.105, 0.000, 0, 21, , 
127, 126.0, 0.981, 35.783, 63.236, 0.000, 0, 21, , 
128, 127.0, 1.000, 59.428, 39.572, 0.000, 0, 21, , 
129, 128.0, 1.506, 76.244, 22.249, 0.000, 0, 21, , 
130, 129.0, 1.479, 87.944, 10.577, 0.000, 0, 21, , 
131, 130.0, 1.109, 89.835, 9.056, 0.000, 0, 21, , 
132, 131.0, 1.869, 94.449, 3.682, 0.000, 0, 21, , 
133, 132.0, 1.621, 96.950, 1.429, 0.000, 0, 21, , 
134, 133.0, 1.738, 97.209, 1.053, 0.000, 0, 21, , 
135, 134.0, 1.799, 96.693, 1.508, 0.000, 0, 21, , 
136, 135.0, 1.834, 97.221, 0.944, 0.000, 0, 21, , 
137, 136.0, 1.525, 97.571, 0.904, 0.000, 0, 21, , 
138, 137.0, 1.878, 97.031, 1.091, 0.000, 0, 21, , 
139, 138.0, 1.970, 97.360, 0.670, 0.000, 0, 21, , 
140, 139.0, 1.882, 96.674, 1.445, 0.000, 0, 21, , 
141, 140.0, 0.982, 98.553, 0.465, 0.000, 0, 21, , 
142, 141.0, 1.580, 97.583, 0.837, 0.000, 0, 21, , 
143, 142.0, 1.744, 97.290, 0.966, 0.000, 0, 21, , 
144, 143.0, 1.567, 97.751, 0.682, 0.000, 0, 21, , 
145, 144.0, 1.806, 96.927, 1.267, 0.000, 0, 21, , 
146, 145.0, 1.875, 96.451, 1.674, 0.000, 0, 21, , 
147, 146.0, 1.694, 97.802, 0.505, 0.000, 0, 21, , 
148, 147.0, 1.669, 96.877, 1.454, 0.000, 0, 21, , 
149, 148.0, 1.225, 98.313, 0.462, 0.000, 0, 21, , 
150, 149.0, 2.093, 97.080, 0.826, 0.000, 0, 21, , 
151, 150.0, 1.568, 97.038, 1.394, 0.000, 0, 21, , 
152, 151.0, 1.797, 96.582, 1.621, 0.000, 0, 21, , 
153, 152.0, 1.848, 97.541, 0.612, 0.000, 0, 21, , 
154, 153.0, 2.034, 97.127, 0.839, 0.000, 0, 21, , 
155, 154.0, 1.630, 96.512, 1.858, 0.000, 0, 21, , 
156, 155.0, 1.236, 97.144, 1.620, 0.000, 0, 21, , 
157, 156.0, 1.846, 96.271, 1.882, 0.000, 0, 21, , 
158, 157.0, 1.261, 98.278, 0.461, 0.000, 0, 21, , 
159, 158.0, 1.610, 97.602, 0.788, 0.000, 0, 21, , 
160, 159.0, 1.475, 97.503, 1.021, 0.000, 0, 21, , 
161, 160.0, 1.890, 96.257, 1.853, 0.000, 0, 21, , 
162, 161.0, 1.366, 97.126, 1.508, 0.000, 0, 21, , 
163, 162.0, 1.608, 97.133, 1.259, 0.000, 0, 21, , 
164, 163.0, 1.469, 97.444, 1.087, 0.000, 0, 21, , 
165, 164.0, 1.672, 97.713, 0.615, 0.000, 0, 21, , 
166, 165.0, 1.921, 96.828, 1.250, 0.000, 0, 21, , 
167, 166.0, 1.845, 96.764, 1.391, 0.000, 0, 21, , 
168, 167.0, 1.463, 97.900, 0.638, 0.000, 0, 21, , 
169, 168.0, 1.979, 97.244, 0.777, 0.000, 0, 21, , 
170, 169.0, 1.416, 96.952, 1.632, 0.000, 0, 21, , 
171, 170.0, 1.690, 97.210, 1.100, 0.000, 0, 21, , 
172, 171.0, 1.617, 97.924, 0.459, 0.000, 0, 21, , 
173, 172.0, 1.983, 96.076, 1.942, 0.000, 0, 21, , 
174, 173.0, 1.676, 96.463, 1.860, 0.000, 0, 21, , 
175, 174.0, 1.907, 96.779, 1.314, 0.000, 0, 21, , 
176, 175.0, 1.850, 96.836, 1.313, 0.000, 0, 21, , 
177, 176.0, 1.729, 96.359, 1.912, 0.000, 0, 21, , 
178, 177.0, 1.521, 96.930, 1.549, 0.000, 0, 21, , 
179, 178.0, 2.179, 96.012, 1.809, 0.000, 0, 21, , 
180, 179.0, 1.820, 97.001, 1.179, 0.000, 0, 21, , 
181, 180.0, 1.054, 97.818, 1.129, 0.000, 0, 21, , 
182, 181.0, 1.108, 98.141, 0.570, 0.181, 0, 21, , 
183, 182.0, 1.376, 97.606, 1.018, 0.000, 0, 21, , 
184, 183.0, 1.873, 98.127, 0.000, 0.000, 0, 21, , 
185, 184.0, 1.686, 98.314, 0.000, 0.000, 0, 21, , 
186, 185.0, 1.967, 96.622, 1.410, 0.000, 0, 21, , 
187, 186.0, 1.586, 97.732, 0.682, 0.000, 0, 21, , 
188, 187.0, 1.626, 96.964, 1.411, 0.000, 0, 21, , 
189, 188.0, 1.631, 96.805, 1.564, 0.000, 0, 21, , 
190, 189.0, 1.844, 96.864, 1.293, 0.000, 0, 21, , 
191, 190.0, 2.113, 96.788, 1.099, 0.000, 0, 21, , 
192, 191.0, 1.623, 96.802, 1.575, 0.000, 0, 21, , 
193, 192.0, 1.731, 96.826, 1.443, 0.000, 0, 21, , 
194, 193.0, 1.811, 97.072, 1.117, 0.000, 0, 21, , 
195, 194.0, 1.366, 97.497, 1.137, 0.000, 0, 21, , 
196, 195.0, 1.780, 96.891, 1.329, 0.000, 0, 21, , 
197, 196.0, 1.863, 96.788, 1.348, 0.000, 0, 21, , 
198, 197.0, 1.970, 97.226, 0.804, 0.000, 0, 21, , 
199, 198.0, 1.753, 97.286, 0.961, 0.000, 0, 21, , 
200, 199.0, 1.868, 96.807, 1.325, 0.000, 0, 21, , 
201, 200.0, 1.838, 97.357, 0.805, 0.000, 0, 21, , 
202, 201.0, 1.887, 97.488, 0.625, 0.000, 0, 21, , 
203, 202.0, 1.394, 97.462, 1.144, 0.000, 0, 21, , 
204, 203.0, 1.900, 96.864, 1.237, 0.000, 0, 21, , 
205, 204.0, 2.079, 96.755, 1.165, 0.000, 0, 21, , 
206, 205.0, 1.620, 97.239, 1.141, 0.000, 0, 21, , 
207, 206.0, 1.759, 96.605, 1.636, 0.000, 0, 21, , 
208, 207.0, 1.843, 96.809, 1.348, 0.000, 0, 21, , 
209, 208.0, 1.864, 96.650, 1.486, 0.000, 0, 21, , 
210, 209.0, 1.609, 96.719, 1.671, 0.000, 0, 21, , 
211, 210.0, 1.585, 97.668, 0.747, 0.000, 0, 21, , 
212, 211.0, 1.413, 97.387, 1.200, 0.000, 0, 21, , 
213, 212.0, 2.028, 96.621, 1.351, 0.000, 0, 21, , 
214, 213.0, 2.028, 96.978, 0.994, 0.000, 0, 21, , 
215, 214.0, 1.588, 98.411, 0.000, 0.000, 0, 21, , 
216, 215.0, 1.961, 97.754, 0.285, 0.000, 0, 21, , 
217, 216.0, 0.903, 98.058, 1.039, 0.000, 0, 21, , 
218, 217.0, 1.472, 97.479, 1.048, 0.000, 0, 21, , 
219, 218.0, 2.102, 97.068, 0.830, 0.000, 0, 21, , 
220, 219.0, 1.911, 97.576, 0.513, 0.000, 0, 21, , 
221, 220.0, 1.788, 97.053, 1.158, 0.000, 0, 21, , 
222, 221.0, 1.955, 97.276, 0.768, 0.000, 0, 21, , 
223, 222.0, 1.617, 97.574, 0.810, 0.000, 0, 21, , 
224, 223.0, 1.977, 97.247, 0.776, 0.000, 0, 21, , 
225, 224.0, 2.145, 97.023, 0.832, 0.000, 0, 21, , 
226, 225.0, 1.849, 97.533, 0.618, 0.000, 0, 21, , 
227, 226.0, 1.812, 97.226, 0.962, 0.000, 0, 21, , 
228, 227.0, 1.726, 94.695, 3.579, 0.000, 0, 21, , 
229, 228.0, 1.213, 87.110, 11.677, 0.000, 0, 21, , 
230, 229.0, 1.465, 70.712, 27.823, 0.000, 0, 21, , 
231, 230.0, 1.213, 49.953, 48.833, 0.000, 0, 21, , 
232, 231.0, 1.375, 68.784, 29.842, 0.000, 0, 21, , 
233, 232.0, 1.384, 88.042, 10.574, 0.000, 0, 21, , 
234, 233.0, 1.890, 95.039, 3.071, 0.000, 0, 21, , 
235, 234.0, 1.721, 97.948, 0.332, 0.000, 0, 21, , 
236, 235.0, 1.855, 97.208, 0.936, 0.000, 0, 21, , 
237, 236.0, 1.785, 97.377, 0.838, 0.000, 0, 21, , 
238, 237.0, 1.693, 97.478, 0.829, 0.000, 0, 21, , 
239, 238.0, 2.146, 97.237, 0.617, 0.000, 0, 21, , 
240, 239.0, 1.461, 97.618, 0.921, 0.000, 0, 21, , 
241, 240.0, 2.086, 97.638, 0.276, 0.000, 0, 21, , 
242, 241.0, 1.752, 96.833, 1.416, 0.000, 0, 21, , 
243, 242.0, 1.936, 97.196, 0.868, 0.000, 0, 21, , 
244, 243.0, 1.984, 98.016, 0.000, 0.000, 0, 21, , 
245, 244.0, 1.678, 97.500, 0.822, 0.000, 0, 21, , 
246, 245.0, 1.562, 97.228, 1.210, 0.000, 0, 21, , 
247, 246.0, 1.807, 96.992, 1.201, 0.000, 0, 21, , 
248, 247.0, 1.652, 97.358, 0.991, 0.000, 0, 21, , 
249, 248.0, 1.769, 98.231, 0.000, 0.000, 0, 21, , 
250, 249.0, 1.609, 97.723, 0.668, 0.000, 0, 21, , 
251, 250.0, 1.477, 97.053, 1.470, 0.000, 0, 21, , 
252, 251.0, 1.588, 98.412, 0.000, 0.000, 0, 21, , 
253, 252.0, 1.474, 96.708, 1.818, 0.000, 0, 21, , 
254, 253.0, 1.484, 97.349, 1.167, 0.000, 0, 21, , 
255, 254.0, 1.544, 97.496, 0.960, 0.000, 0, 21, , 
256, 255.0, 1.869, 97.518, 0.612, 0.000, 0, 21, , 
257, 256.0, 1.630, 97.097, 1.274, 0.000, 0, 21, , 
258, 257.0, 1.887, 96.678, 1.435, 0.000, 0, 21, , 
259, 258.0, 1.042, 97.709, 1.249, 0.000, 0, 21, , 
260, 259.0, 1.762, 97.668, 0.570, 0.000, 0, 21, , 
261, 260.0, 1.721, 97.588, 0.690, 0.000, 0, 21, , 
262, 261.0, 1.833, 96.477, 1.690, 0.000, 0, 21, , 
263, 262.0, 1.704, 97.285, 1.011, 0.000, 0, 21, , 
264, 263.0, 0.999, 98.019, 0.982, 0.000, 0, 21, , 
265, 264.0, 1.565, 97.331, 1.103, 0.000, 0, 21, , 
266, 265.0, 1.826, 97.016, 1.158, 0.000, 0, 21, , 
267, 266.0, 1.307, 98.178, 0.514, 0.000, 0, 21, , 
268, 267.0, 1.655, 97.730, 0.616, 0.000, 0, 21, , 
269, 268.0, 1.553, 97.285, 1.162, 0.000, 0, 21, , 
270, 269.0, 2.132, 96.444, 1.424, 0.000, 0, 21, , 
271, 270.0, 1.756, 97.514, 0.730, 0.000, 0, 21, , 
272, 271.0, 1.621, 97.341, 1.037, 0.000, 0, 21, , 
273, 272.0, 1.893, 97.613, 0.493, 0.000, 0, 21, , 
274, 273.0, 1.865, 97.590, 0.545, 0.000, 0, 21, , 
275, 274.0, 2.259, 97.036, 0.705, 0.000, 0, 21, , 
276, 275.0, 1.546, 98.004, 0.450, 0.000, 0, 21, , 
277, 276.0, 1.617, 98.383, 0.000, 0.000, 0, 21, , 
278, 277.0, 1.628, 97.556, 0.815, 0.000, 0, 21, , 
279, 278.0, 2.296, 96.517, 1.188, 0.000, 0, 21, , 
280, 279.0, 1.724, 96.604, 1.673, 0.000, 0, 21, , 
281, 280.0, 1.545, 94.199, 4.256, 0.000, 0, 21, , 
282, 281.0, 1.524, 83.729, 14.747, 0.000, 0, 21, , 
283, 282.0, 1.906, 75.155, 22.939, 0.000, 0, 21, , 
284, 283.0, 1.008, 70.519, 28.473, 0.000, 0, 21, , 
285, 284.0, 0.330, 70.574, 29.097, 0.000, 0, 21, , 
286, 285.0, 0.635, 71.349, 28.016, 0.000, 0, 21, , 
287, 286.0, 1.585, 72.570, 25.845, 0.000, 0, 21, , 
288, 287.0, 1.692, 66.378, 31.931, 0.000, 0, 21, , 
289, 288.0, 1.178, 59.902, 38.920, 0.000, 0, 21, , 
290, 289.0, 1.550, 67.054, 31.395, 0.000, 0, 21, , 
291, 290.0, 1.338, 85.170, 13.493, 0.000, 0, 21, , 
292, 291.0, 1.614, 92.407, 5.979, 0.000, 0, 21, , 
293, 292.0, 1.462, 89.817, 8.721, 0.000, 0, 21, , 
294, 293.0, 1.578, 92.273, 6.149, 0.000, 0, 21, , 
295, 294.0, 1.627, 93.893, 4.480, 0.000, 0, 21, , 
296, 295.0, 1.374, 92.268, 6.358, 0.000, 0, 21, , 
297, 296.0, 1.057, 86.490, 12.454, 0.000, 0, 21, , 
298, 297.0, 1.429, 75.147, 23.424, 0.000, 0, 21, , 
299, 298.0, 1.044, 62.581, 36.374, 0.000, 0, 21, , 
300, 299.0, 0.995, 59.749, 39.257, 0.000, 0, 21, , 
301, 300.0, 1.124, 62.861, 36.015, 0.000, 0, 21, , 
302, 301.0, 1.119, 72.302, 26.579, 0.000, 0, 21, , 
303, 302.0, 1.446, 80.379, 18.175, 0.000, 0, 21, , 
304, 303.0, 1.872, 89.003, 9.125, 0.000, 0, 21, , 
305, 304.0, 1.800, 96.312, 1.889, 0.000, 0, 21, , 
306, 305.0, 1.554, 96.866, 1.580, 0.000, 0, 21, , 
307, 306.0, 1.817, 97.685, 0.498, 0.000, 0, 21, , 
308, 307.0, 2.150, 96.734, 1.116, 0.000, 0, 21, , 
309, 308.0, 1.236, 97.603, 1.161, 0.000, 0, 21, , 
310, 309.0, 1.337, 96.033, 2.629, 0.000, 0, 21, , 
311, 310.0, 2.101, 96.454, 1.445, 0.000, 0, 21, , 
312, 311.0, 2.018, 95.589, 2.393, 0.000, 0, 21, , 
313, 312.0, 1.635, 92.462, 5.904, 0.000, 0, 21, , 
314, 313.0, 1.615, 83.247, 15.138, 0.000, 0, 21, , 
315, 314.0, 1.214, 71.602, 27.183, 0.000, 0, 21, , 
316, 315.0, 1.087, 64.673, 34.240, 0.000, 0, 21, , 
317, 316.0, 1.527, 57.369, 41.104, 0.000, 0, 21, , 
318, 317.0, 0.910, 54.020, 45.070, 0.000, 0, 21, , 
319, 318.0, 1.502, 54.431, 44.067, 0.000, 0, 21, , 
320, 319.0, 0.993, 57.745, 41.262, 0.000, 0, 21, , 
321, 320.0, 1.247, 66.478, 32.275, 0.000, 0, 21, , 
322, 321.0, 1.589, 76.355, 22.056, 0.000, 0, 21, , 
323, 322.0, 1.510, 88.313, 10.177, 0.000, 0, 21, , 
324, 323.0, 1.565, 94.220, 4.215, 0.000, 0, 21, , 
325, 324.0, 1.718, 94.426, 3.856, 0.000, 0, 21, , 
326, 325.0, 1.768, 89.864, 8.368, 0.000, 0, 21, , 
327, 326.0, 1.525, 88.760, 9.715, 0.000, 0, 21, , 
328, 327.0, 1.764, 84.910, 13.326, 0.000, 0, 21, , 
329, 328.0, 1.757, 82.530, 15.713, 0.000, 0, 21, , 
330, 329.0, 1.472, 82.320, 16.209, 0.000, 0, 21, , 
331, 330.0, 1.357, 82.476, 16.168, 0.000, 0, 21, , 
332, 331.0, 1.457, 85.803, 12.740, 0.000, 0, 21, , 
333, 332.0, 1.573, 90.378, 8.050, 0.000, 0, 21, , 
334, 333.0, 1.419, 89.178, 9.403, 0.000, 0, 21, , 
335, 334.0, 1.617, 85.084, 13.299, 0.000, 0, 21, , 
336, 335.0, 1.273, 80.373, 18.353, 0.000, 0, 21, , 
337, 336.0, 1.007, 75.222, 23.770, 0.000, 0, 21, , 
338, 337.0, 1.599, 66.688, 31.714, 0.000, 0, 21, , 
339, 338.0, 1.020, 60.389, 38.591, 0.000, 0, 21, , 
340, 339.0, 1.415, 67.841, 30.603, 0.141, 0, 21, , 
341, 340.0, 0.719, 74.629, 24.326, 0.327, 0, 21, , 
342, 341.0, 1.264, 69.402, 28.953, 0.380, 0, 21, , 
343, 342.0, 1.675, 65.891, 32.159, 0.275, 0, 21, , 
344, 343.0, 1.309, 60.996, 37.696, 0.000, 0, 21, , 
345, 344.0, 1.432, 63.643, 34.925, 0.000, 0, 21, , 
346, 345.0, 1.655, 81.981, 16.364, 0.000, 0, 21, , 
347, 346.0, 1.673, 91.047, 7.280, 0.000, 0, 21, , 
348, 347.0, 1.207, 79.370, 19.422, 0.000, 0, 21, , 
349, 348.0, 1.515, 58.369, 40.116, 0.000, 0, 21, , 
350, 349.0, 1.391, 57.689, 40.920, 0.000, 0, 21, , 
351, 350.0, 1.221, 65.201, 33.578, 0.000, 0, 21, , 
352, 351.0, 2.122, 70.443, 27.435, 0.000, 0, 21, , 
353, 352.0, 1.640, 76.713, 21.647, 0.000, 0, 21, , 
354, 353.0, 1.281, 84.812, 13.907, 0.000, 0, 21, , 
355, 354.0, 1.368, 93.711, 4.921, 0.000, 0, 21, , 
356, 355.0, 2.009, 95.524, 2.468, 0.000, 0, 21, , 
357, 356.0, 1.659, 90.825, 7.516, 0.000, 0, 21, , 
358, 357.0, 1.964, 84.151, 13.885, 0.000, 0, 21, , 
359, 358.0, 1.765, 83.815, 14.420, 0.000, 0, 21, , 
360, 359.0, 1.448, 78.981, 19.571, 0.000, 0, 21, , 
361, 360.0, 1.275, 77.352, 21.373, 0.000, 0, 21, , 
362, 361.0, 1.416, 84.564, 14.020, 0.000, 0, 21, , 
363, 362.0, 1.571, 95.410, 3.019, 0.000, 0, 21, , 
364, 363.0, 1.259, 98.108, 0.632, 0.000, 0, 21, , 
365, 364.0, 1.949, 97.482, 0.569, 0.000, 0, 21, , 
366, 365.0, 1.744, 97.290, 0.966, 0.000, 0, 21, , 
367, 366.0, 2.047, 96.686, 1.267, 0.000, 0, 21, , 
368, 367.0, 1.796, 97.052, 1.152, 0.000, 0, 21, , 
369, 368.0, 1.837, 96.325, 1.837, 0.000, 0, 21, , 
370, 369.0, 1.638, 97.235, 1.127, 0.000, 0, 21, , 
371, 370.0, 1.833, 97.214, 0.953, 0.000, 0, 21, , 
372, 371.0, 1.571, 97.606, 0.823, 0.000, 0, 21, , 
373, 372.0, 1.740, 98.039, 0.221, 0.000, 0, 21, , 
374, 373.0, 1.691, 97.865, 0.443, 0.000, 0, 21, , 
375, 374.0, 2.257, 96.963, 0.605, 0.175, 0, 21, , 
376, 375.0, 2.002, 97.175, 0.331, 0.493, 0, 21, , 
377, 376.0, 1.550, 96.467, 1.514, 0.469, 0, 21, , 
378, 377.0, 1.815, 96.553, 1.632, 0.000, 0, 21, , 
379, 378.0, 1.776, 97.193, 1.030, 0.000, 0, 21, , 
380, 379.0, 1.546, 98.229, 0.225, 0.000, 0, 21, , 
381, 380.0, 1.642, 98.023, 0.334, 0.000, 0, 21, , 
382, 381.0, 1.315, 95.627, 3.057, 0.000, 0, 21, , 
383, 382.0, 1.197, 84.914, 13.890, 0.000, 0, 21, , 
384, 383.0, 0.899, 63.411, 35.690, 0.000, 0, 21, , 
385, 384.0, 1.381, 40.952, 57.666, 0.000, 0, 21, , 
386, 385.0, 1.441, 58.570, 39.989, 0.000, 0, 21, , 
387, 386.0, 0.991, 65.050, 33.959, 0.000, 0, 21, , 
388, 387.0, 1.297, 71.996, 26.706, 0.000, 0, 21, , 
389, 388.0, 1.317, 76.054, 22.629, 0.000, 0, 21, , 
390, 389.0, 1.258, 74.233, 24.510, 0.000, 0, 21, , 
391, 390.0, 1.612, 80.799, 17.589, 0.000, 0, 21, , 
392, 391.0, 1.891, 92.065, 6.044, 0.000, 0, 21, , 
393, 392.0, 1.802, 96.556, 1.642, 0.000, 0, 21, , 
394, 393.0, 1.727, 96.902, 1.371, 0.000, 0, 21, , 
395, 394.0, 1.214, 95.137, 3.649, 0.000, 0, 21, , 
396, 395.0, 1.666, 88.793, 9.541, 0.000, 0, 21, , 
397, 396.0, 1.368, 66.261, 32.371, 0.000, 0, 21, , 
398, 397.0, 1.909, 77.475, 20.616, 0.000, 0, 21, , 
399, 398.0, 1.431, 78.072, 20.497, 0.000, 0, 21, , 
400, 399.0, 1.183, 59.291, 39.526, 0.000, 0, 21, , 
401, 400.0, 1.664, 77.527, 20.809, 0.000, 0, 21, , 
402, 401.0, 1.728, 79.882, 18.390, 0.000, 0, 21, , 
403, 402.0, 1.480, 88.271, 10.249, 0.000, 0, 21, , 
404, 403.0, 1.165, 96.989, 1.846, 0.000, 0, 21, , 
405, 404.0, 1.748, 97.000, 1.252, 0.000, 0, 21, , 
406, 405.0, 1.544, 98.119, 0.337, 0.000, 0, 21, , 
407, 406.0, 2.014, 97.278, 0.709, 0.000, 0, 21, , 
408, 407.0, 1.581, 96.055, 2.364, 0.000, 0, 21, , 
409, 408.0, 1.932, 92.317, 5.752, 0.000, 0, 21, , 
410, 409.0, 1.587, 82.998, 15.416, 0.000, 0, 21, , 
411, 410.0, 1.214, 69.207, 29.579, 0.000, 0, 21, , 
412, 411.0, 1.279, 58.173, 40.547, 0.000, 0, 21, , 
413, 412.0, 1.175, 45.952, 52.873, 0.000, 0, 21, , 
414, 413.0, 0.989, 38.338, 60.673, 0.000, 0, 21, , 
415, 414.0, 1.269, 39.747, 58.829, 0.155, 0, 21, , 
416, 415.0, 1.133, 48.226, 50.641, 0.000, 0, 21, , 
417, 416.0, 1.215, 55.472, 43.312, 0.000, 0, 21, , 
418, 417.0, 1.446, 80.237, 18.317, 0.000, 0, 21, , 
419, 418.0, 1.507, 74.594, 23.899, 0.000, 0, 21, , 
420, 419.0, 1.313, 76.966, 21.721, 0.000, 0, 21, , 
421, 420.0, 1.137, 64.322, 34.541, 0.000, 0, 21, , 
422, 421.0, 1.324, 57.688, 40.988, 0.000, 0, 21, , 
423, 422.0, 1.369, 77.397, 21.234, 0.000, 0, 21, , 
424, 423.0, 1.335, 88.170, 10.496, 0.000, 0, 21, , 
425, 424.0, 1.000, 79.456, 19.544, 0.000, 0, 21, , 
426, 425.0, 1.606, 53.760, 44.635, 0.000, 0, 21, , 
427, 426.0, 1.008, 59.542, 39.450, 0.000, 0, 21, , 
428, 427.0, 1.645, 77.068, 21.287, 0.000, 0, 21, , 
429, 428.0, 1.682, 78.452, 19.866, 0.000, 0, 21, , 
430, 429.0, 1.201, 59.252, 39.547, 0.000, 0, 21, , 
431, 430.0, 1.658, 81.940, 16.402, 0.000, 0, 21, , 
432, 431.0, 1.102, 98.898, 0.000, 0.000, 0, 21, , 
433, 432.0, 1.230, 94.867, 3.902, 0.000, 0, 21, , 
434, 433.0, 1.506, 84.638, 13.856, 0.000, 0, 21, , 
435, 434.0, 1.278, 66.387, 32.335, 0.000, 0, 21, , 
436, 435.0, 0.979, 52.314, 46.708, 0.000, 0, 21, , 
437, 436.0, 1.381, 52.309, 46.310, 0.000, 0, 21, , 
438, 437.0, 1.023, 61.219, 37.758, 0.000, 0, 21, , 
439, 438.0, 1.704, 68.936, 29.360, 0.000, 0, 21, , 
440, 439.0, 1.526, 79.966, 18.508, 0.000, 0, 21, , 
441, 440.0, 1.720, 91.190, 7.090, 0.000, 0, 21, , 
442, 441.0, 0.753, 97.358, 1.889, 0.000, 0, 21, , 
443, 442.0, 1.833, 97.154, 1.013, 0.000, 0, 21, , 
444, 443.0, 1.777, 96.829, 1.393, 0.000, 0, 21, , 
445, 444.0, 1.919, 96.059, 2.023, 0.000, 0, 21, , 
446, 445.0, 1.890, 86.889, 11.221, 0.000, 0, 21, , 
447, 446.0, 2.860, 71.675, 25.465, 0.000, 0, 21, , 
448, 447.0, 5.081, 65.537, 29.116, 0.266, 0, 21, , 
449, 448.0, 2.694, 79.590, 16.366, 1.350, 0, 21, , 
450, 449.0, 1.598, 89.678, 6.672, 2.051, 0, 21, , 
451, 450.0, 1.511, 86.959, 10.660, 0.871, 0, 21, , 
452, 451.0, 1.129, 67.084, 31.787, 0.000, 0, 21, , 
453, 452.0, 0.887, 35.260, 63.854, 0.000, 0, 21, , 
454, 453.0, 0.923, 41.675, 57.402, 0.000, 0, 21, , 
455, 454.0, 0.857, 49.386, 49.757, 0.000, 0, 21, , 
456, 455.0, 1.561, 81.637, 16.802, 0.000, 0, 21, , 
457, 456.0, 1.719, 91.993, 6.288, 0.000, 0, 21, , 
458, 457.0, 0.943, 93.028, 6.029, 0.000, 0, 21, , 
459, 458.0, 1.943, 94.774, 3.283, 0.000, 0, 21, , 
460, 459.0, 1.905, 94.067, 4.028, 0.000, 0, 21, , 
461, 460.0, 1.634, 80.975, 17.391, 0.000, 0, 21, , 
462, 461.0, 1.344, 48.736, 49.920, 0.000, 0, 21, , 
463, 462.0, 1.426, 32.287, 66.288, 0.000, 0, 21, , 
464, 463.0, 0.896, 46.851, 52.253, 0.000, 0, 21, , 
465, 464.0, 1.477, 75.441, 23.082, 0.000, 0, 21, , 
466, 465.0, 1.299, 91.271, 7.430, 0.000, 0, 21, , 
467, 466.0, 1.772, 90.544, 7.684, 0.000, 0, 21, , 
468, 467.0, 2.016, 73.950, 24.034, 0.000, 0, 21, , 
469, 468.0, 1.689, 89.276, 9.036, 0.000, 0, 21, , 
470, 469.0, 1.229, 96.941, 1.829, 0.000, 0, 21, , 
471, 470.0, 1.510, 91.634, 6.856, 0.000, 0, 21, , 
472, 471.0, 1.442, 77.419, 21.138, 0.000, 0, 21, , 
473, 472.0, 1.454, 80.540, 18.005, 0.000, 0, 21, , 
474, 473.0, 1.107, 92.313, 6.580, 0.000, 0, 21, , 
475, 474.0, 1.083, 96.879, 2.038, 0.000, 0, 21, , 
476, 475.0, 2.060, 97.134, 0.806, 0.000, 0, 21, , 
477, 476.0, 1.727, 97.570, 0.703, 0.000, 0, 21, , 
478, 477.0, 1.675, 97.495, 0.829, 0.000, 0, 21, , 
479, 478.0, 1.919, 93.332, 4.749, 0.000, 0, 21, , 
480, 479.0, 1.900, 86.774, 11.326, 0.000, 0, 21, , 
481, 480.0, 1.805, 71.183, 27.013, 0.000, 0, 21, , 
482, 481.0, 1.252, 50.198, 48.550, 0.000, 0, 21, , 
483, 482.0, 0.979, 54.221, 44.800, 0.000, 0, 21, , 
484, 483.0, 1.906, 77.457, 20.637, 0.000, 0, 21, , 
485, 484.0, 1.686, 88.843, 9.471, 0.000, 0, 21, , 
486, 485.0, 1.335, 81.533, 17.132, 0.000, 0, 21, , 
487, 486.0, 1.522, 49.207, 49.271, 0.000, 0, 21, , 
488, 487.0, 1.220, 49.799, 48.981, 0.000, 0, 21, , 
489, 488.0, 1.646, 58.199, 40.155, 0.000, 0, 21, , 
490, 489.0, 1.558, 55.385, 43.057, 0.000, 0, 21, , 
491, 490.0, 1.540, 52.228, 46.232, 0.000, 0, 21, , 
492, 491.0, 0.811, 54.807, 44.383, 0.000, 0, 21, , 
493, 492.0, 1.604, 56.118, 42.278, 0.000, 0, 21, , 
494, 493.0, 0.742, 56.413, 42.845, 0.000, 0, 21, , 
495, 494.0, 1.642, 53.270, 45.088, 0.000, 0, 21, , 
496, 495.0, 1.305, 56.657, 42.037, 0.000, 0, 21, , 
497, 496.0, 1.468, 68.522, 30.010, 0.000, 0, 21, , 
498, 497.0, 1.463, 77.597, 20.940, 0.000, 0, 21, , 
499, 498.0, 1.252, 81.924, 16.824, 0.000, 0, 21, , 
500, 499.0, 0.883, 83.823, 15.293, 0.000, 0, 21, , 
501, 500.0, 2.054, 91.543, 6.404, 0.000, 0, 21, , 
502, 501.0, 1.685, 96.359, 1.956, 0.000, 0, 21, , 
503, 502.0, 1.778, 97.720, 0.502, 0.000, 0, 21, , 
504, 503.0, 1.453, 98.091, 0.456, 0.000, 0, 21, , 
505, 504.0, 2.188, 97.056, 0.756, 0.000, 0, 21, , 
506, 505.0, 2.187, 95.128, 1.858, 0.827, 0, 21, , 
507, 506.0, 1.363, 91.681, 3.992, 2.964, 0, 21, , 
508, 507.0, 1.429, 85.928, 8.033, 4.610, 0, 21, , 
509, 508.0, 1.934, 84.423, 8.767, 4.876, 0, 21, , 
510, 509.0, 2.477, 83.880, 9.310, 4.333, 0, 21, , 
511, 510.0, 1.642, 86.513, 8.223, 3.622, 0, 21, , 
512, 511.0, 2.993, 84.647, 10.375, 1.985, 0, 21, , 
513, 512.0, 2.903, 90.961, 5.662, 0.474, 0, 21, , 
514, 513.0, 3.073, 92.556, 4.226, 0.145, 0, 21, , 
515, 514.0, 2.206, 96.771, 0.709, 0.314, 0, 21, , 
516, 515.0, 2.355, 96.867, 0.778, 0.000, 0, 21, , 
517, 516.0, 1.938, 97.361, 0.701, 0.000, 0, 21, , 
518, 517.0, 1.714, 98.286, 0.000, 0.000, 0, 21, , 
519, 518.0, 1.761, 97.851, 0.387, 0.000, 0, 21, , 
520, 519.0, 2.135, 97.176, 0.484, 0.206, 0, 21, , 
521, 520.0, 2.223, 96.651, 1.125, 0.000, 0, 21, , 
522, 521.0, 2.115, 97.025, 0.860, 0.000, 0, 21, , 
523, 522.0, 2.120, 96.957, 0.923, 0.000, 0, 21, , 
524, 523.0, 1.984, 96.746, 1.270, 0.000, 0, 21, , 
525, 524.0, 2.370, 96.805, 0.826, 0.000, 0, 21, , 
526, 525.0, 2.168, 96.944, 0.888, 0.000, 0, 21, , 
527, 526.0, 2.522, 96.722, 0.756, 0.000, 0, 21, , 
528, 527.0, 2.055, 96.885, 1.060, 0.000, 0, 21, , 
529, 528.0, 1.872, 98.128, 0.000, 0.000, 0, 21, , 
530, 529.0, 2.028, 97.211, 0.761, 0.000, 0, 21, , 
531, 530.0, 1.845, 97.773, 0.382, 0.000, 0, 21, , 
532, 531.0, 2.107, 96.790, 1.103, 0.000, 0, 21, , 
533, 532.0, 2.076, 97.166, 0.759, 0.000, 0, 21, , 
534, 533.0, 2.093, 96.455, 1.452, 0.000, 0, 21, , 
535, 534.0, 1.865, 98.135, 0.000, 0.000, 0, 21, , 
536, 535.0, 1.915, 96.795, 1.290, 0.000, 0, 21, , 
537, 536.0, 1.427, 95.045, 2.242, 1.286, 0, 21, , 
538, 537.0, 1.903, 91.337, 4.480, 2.280, 0, 21, , 
539, 538.0, 2.120, 91.946, 3.697, 2.237, 0, 21, , 
540, 539.0, 2.140, 93.192, 3.577, 1.091, 0, 21, , 
541, 540.0, 1.765, 96.468, 1.767, 0.000, 0, 21, , 
542, 541.0, 2.192, 97.214, 0.594, 0.000, 0, 21, , 
543, 542.0, 2.235, 97.184, 0.582, 0.000, 0, 21, , 
544, 543.0, 1.999, 97.454, 0.547, 0.000, 0, 21, , 
545, 544.0, 1.837, 98.163, 0.000, 0.000, 0, 21, , 
546, 545.0, 2.267, 95.919, 1.229, 0.584, 0, 21, , 
547, 546.0, 2.174, 96.916, 0.276, 0.634, 0, 21, , 
548, 547.0, 1.844, 93.837, 2.449, 1.870, 0, 21, , 
549, 548.0, 2.108, 91.985, 3.715, 2.191, 0, 21, , 
550, 549.0, 1.406, 92.172, 4.130, 2.292, 0, 21, , 
551, 550.0, 1.559, 95.039, 2.461, 0.941, 0, 21, , 
552, 551.0, 1.697, 96.512, 1.790, 0.000, 0, 21, , 
553, 552.0, 1.512, 97.220, 1.269, 0.000, 0, 21, , 
554, 553.0, 1.836, 97.218, 0.945, 0.000, 0, 21, , 
555, 554.0, 1.700, 97.313, 0.987, 0.000, 0, 21, , 
556, 555.0, 1.856, 96.877, 1.267, 0.000, 0, 21, , 
557, 556.0, 1.325, 98.675, 0.000, 0.000, 0, 21, , 
558, 557.0, 1.807, 97.655, 0.539, 0.000, 0, 21, , 
559, 558.0, 2.103, 96.673, 1.224, 0.000, 0, 21, , 
560, 559.0, 1.016, 98.206, 0.779, 0.000, 0, 21, , 
561, 560.0, 1.882, 96.584, 1.534, 0.000, 0, 21, , 
562, 561.0, 2.185, 97.122, 0.693, 0.000, 0, 21, , 
563, 562.0, 1.665, 97.581, 0.754, 0.000, 0, 21, , 
564, 563.0, 2.164, 96.357, 1.479, 0.000, 0, 21, , 
565, 564.0, 1.982, 96.726, 1.291, 0.000, 0, 21, , 
566, 565.0, 1.141, 97.420, 1.439, 0.000, 0, 21, , 
567, 566.0, 1.931, 97.302, 0.766, 0.000, 0, 21, , 
568, 567.0, 2.082, 96.499, 1.420, 0.000, 0, 21, , 
569, 568.0, 1.979, 97.016, 1.005, 0.000, 0, 21, , 
570, 569.0, 1.760, 96.307, 1.933, 0.000, 0, 21, , 
571, 570.0, 1.614, 96.957, 1.429, 0.000, 0, 21, , 
572, 571.0, 1.428, 97.555, 1.017, 0.000, 0, 21, , 
573, 572.0, 1.672, 96.530, 1.798, 0.000, 0, 21, , 
574, 573.0, 1.947, 98.053, 0.000, 0.000, 0, 21, , 
575, 574.0, 1.692, 97.919, 0.389, 0.000, 0, 21, , 
576, 575.0, 1.879, 96.402, 1.719, 0.000, 0, 21, , 
577, 576.0, 1.839, 97.061, 1.101, 0.000, 0, 21, , 
578, 577.0, 2.001, 96.442, 1.557, 0.000, 0, 21, , 
579, 578.0, 1.869, 96.971, 1.160, 0.000, 0, 21, , 
580, 579.0, 1.363, 97.751, 0.886, 0.000, 0, 21, , 
581, 580.0, 1.698, 96.981, 1.321, 0.000, 0, 21, , 
582, 581.0, 1.767, 97.217, 1.016, 0.000, 0, 21, , 
583, 582.0, 1.685, 97.552, 0.763, 0.000, 0, 21, , 
584, 583.0, 1.385, 96.819, 1.796, 0.000, 0, 21, , 
585, 584.0, 1.689, 97.181, 1.130, 0.000, 0, 21, , 
586, 585.0, 1.685, 97.189, 1.127, 0.000, 0, 21, , 
587, 586.0, 1.405, 96.964, 1.631, 0.000, 0, 21, , 
588, 587.0, 1.531, 97.773, 0.696, 0.000, 0, 21, , 
589, 588.0, 1.906, 96.647, 1.447, 0.000, 0, 21, , 
590, 589.0, 1.748, 96.641, 1.610, 0.000, 0, 21, , 
591, 590.0, 1.567, 97.102, 1.331, 0.000, 0, 21, , 
592, 591.0, 1.679, 96.196, 2.125, 0.000, 0, 21, , 
593, 592.0, 1.692, 96.949, 1.359, 0.000, 0, 21, , 
594, 593.0, 1.473, 97.062, 1.465, 0.000, 0, 21, , 
595, 594.0, 1.412, 96.906, 1.682, 0.000, 0, 21, , 
596, 595.0, 1.704, 97.009, 1.287, 0.000, 0, 21, , 
597, 596.0, 1.713, 97.240, 1.047, 0.000, 0, 21, , 
598, 597.0, 1.618, 96.943, 1.439, 0.000, 0, 21, , 
599, 598.0, 1.509, 97.202, 1.289, 0.000, 0, 21, , 
600, 599.0, 1.664, 96.370, 1.965, 0.000, 0, 21, , 
601, 600.0, 1.776, 96.807, 1.417, 0.000, 0, 21, , 
602, 601.0, 1.687, 97.574, 0.740, 0.000, 0, 21, , 
603, 602.0, 1.742, 97.214, 1.044, 0.000, 0, 21, , 
604, 603.0, 1.880, 96.550, 1.570, 0.000, 0, 21, , 
605, 604.0, 1.737, 97.190, 1.073, 0.000, 0, 21, , 
606, 605.0, 1.430, 97.198, 1.372, 0.000, 0, 21, , 
607, 606.0, 1.732, 96.962, 1.307, 0.000, 0, 21, , 
608, 607.0, 1.193, 98.473, 0.333, 0.000, 0, 21, , 
609, 608.0, 1.661, 97.385, 0.954, 0.000, 0, 21, , 
610, 609.0, 1.560, 97.900, 0.540, 0.000, 0, 21, , 
611, 610.0, 1.576, 96.945, 1.479, 0.000, 0, 21, , 
612, 611.0, 1.554, 96.298, 2.148, 0.000, 0, 21, , 
613, 612.0, 2.088, 96.716, 1.196, 0.000, 0, 21, , 
614, 613.0, 1.476, 97.019, 1.504, 0.000, 0, 21, , 
615, 614.0, 1.439, 97.362, 1.200, 0.000, 0, 21, , 
616, 615.0, 1.448, 96.874, 1.511, 0.167, 0, 21, , 
617, 616.0, 1.978, 96.219, 1.803, 0.000, 0, 21, , 
618, 617.0, 1.774, 97.268, 0.958, 0.000, 0, 21, , 
619, 618.0, 2.143, 96.061, 1.796, 0.000, 0, 21, , 
620, 619.0, 1.910, 97.494, 0.596, 0.000, 0, 21, , 
621, 620.0, 2.024, 96.080, 1.896, 0.000, 0, 21, , 
622, 621.0, 1.903, 96.938, 1.159, 0.000, 0, 21, , 
623, 622.0, 1.538, 97.691, 0.771, 0.000, 0, 21, , 
624, 623.0, 1.472, 97.558, 0.970, 0.000, 0, 21, , 
625, 624.0, 1.831, 97.082, 1.086, 0.000, 0, 21, , 
626, 625.0, 1.574, 97.325, 1.101, 0.000, 0, 21, , 
627, 626.0, 1.615, 97.961, 0.424, 0.000, 0, 21, , 
628, 627.0, 1.803, 97.922, 0.275, 0.000, 0, 21, , 
629, 628.0, 1.202, 97.775, 1.023, 0.000, 0, 21, , 
630, 629.0, 1.489, 97.329, 1.182, 0.000, 0, 21, , 
631, 630.0, 1.608, 96.420, 1.972, 0.000, 0, 21, , 
632, 631.0, 1.414, 97.606, 0.980, 0.000, 0, 21, , 
633, 632.0, 1.341, 98.659, 0.000, 0.000, 0, 21, , 
634, 633.0, 2.138, 97.534, 0.328, 0.000, 0, 21, , 
635, 634.0, 1.361, 98.250, 0.389, 0.000, 0, 21, , 
636, 635.0, 1.597, 97.286, 1.116, 0.000, 0, 21, , 
637, 636.0, 1.232, 97.573, 1.194, 0.000, 0, 21, , 
638, 637.0, 1.707, 97.136, 0.943, 0.213, 0, 21, , 
639, 638.0, 1.332, 92.794, 4.344, 1.530, 0, 21, , 
640, 639.0, 1.829, 90.208, 5.438, 2.526, 0, 21, , 
641, 640.0, 1.683, 87.367, 7.074, 3.876, 0, 21, , 
642, 641.0, 1.806, 85.846, 7.631, 4.717, 0, 21, , 
643, 642.0, 1.986, 82.044, 11.337, 4.633, 0, 21, , 
644, 643.0, 2.117, 79.027, 13.942, 4.914, 0, 21, , 
645, 644.0, 1.889, 79.134, 13.982, 4.995, 0, 21, , 
646, 645.0, 1.993, 79.287, 15.959, 2.761, 0, 21, , 
647, 646.0, 1.855, 77.794, 16.007, 4.345, 0, 21, , 
648, 647.0, 1.858, 78.846, 13.830, 5.466, 0, 21, , 
649, 648.0, 1.242, 83.880, 11.393, 3.484, 0, 21, , 
650, 649.0, 1.513, 84.584, 13.013, 0.890, 0, 21, , 
651, 650.0, 1.322, 82.154, 16.343, 0.180, 0, 21, , 
652, 651.0, 1.802, 82.562, 15.636, 0.000, 0, 21, , 
653, 652.0, 0.741, 83.558, 15.700, 0.000, 0, 21, , 
654, 653.0, 1.606, 85.549, 12.845, 0.000, 0, 21, , 
655, 654.0, 1.219, 88.631, 10.150, 0.000, 0, 21, , 
656, 655.0, 1.946, 85.848, 12.206, 0.000, 0, 21, , 
657, 656.0, 1.805, 83.037, 15.157, 0.000, 0, 21, , 
658, 657.0, 1.364, 85.241, 13.395, 0.000, 0, 21, , 
659, 658.0, 1.116, 83.523, 15.361, 0.000, 0, 21, , 
660, 659.0, 1.662, 83.855, 14.483, 0.000, 0, 21, , 
661, 660.0, 1.403, 85.028, 13.570, 0.000, 0, 21, , 
662, 661.0, 1.712, 82.422, 15.866, 0.000, 0, 21, , 
663, 662.0, 1.517, 82.159, 16.324, 0.000, 0, 21, , 
664, 663.0, 1.239, 86.612, 12.149, 0.000, 0, 21, , 
665, 664.0, 1.786, 87.742, 10.473, 0.000, 0, 21, , 
666, 665.0, 1.397, 88.979, 9.624, 0.000, 0, 21, , 
667, 666.0, 1.365, 92.505, 6.130, 0.000, 0, 21, , 
668, 667.0, 1.610, 91.895, 6.495, 0.000, 0, 21, , 
669, 668.0, 1.079, 89.143, 9.777, 0.000, 0, 21, , 
670, 669.0, 1.665, 94.378, 3.957, 0.000, 0, 21, , 
671, 670.0, 1.724, 90.073, 7.987, 0.215, 0, 21, , 
672, 671.0, 1.445, 85.234, 13.320, 0.000, 0, 21, , 
673, 672.0, 1.671, 82.537, 15.792, 0.000, 0, 21, , 
674, 673.0, 1.889, 79.536, 17.844, 0.732, 0, 21, , 
675, 674.0, 1.434, 82.581, 15.560, 0.425, 0, 21, , 
676, 675.0, 1.779, 85.310, 11.763, 1.147, 0, 21, , 
677, 676.0, 1.438, 83.965, 13.248, 1.350, 0, 21, , 
678, 677.0, 1.306, 79.934, 16.245, 2.515, 0, 21, , 
679, 678.0, 1.572, 81.171, 14.852, 2.405, 0, 21, , 
680, 679.0, 1.426, 74.043, 21.231, 3.301, 0, 21, , 
681, 680.0, 1.335, 64.967, 28.580, 5.118, 0, 21, , 
682, 681.0, 1.636, 70.791, 21.617, 5.956, 0, 21, , 
683, 682.0, 1.452, 80.400, 12.434, 5.714, 0, 21, , 
684, 683.0, 1.767, 83.318, 10.051, 4.864, 0, 21, , 
685, 684.0, 2.006, 84.207, 10.402, 3.385, 0, 21, , 
686, 685.0, 1.446, 84.444, 10.463, 3.647, 0, 21, , 
687, 686.0, 1.786, 82.131, 12.394, 3.689, 0, 21, , 
688, 687.0, 1.175, 85.026, 12.068, 1.732, 0, 21, , 
689, 688.0, 1.311, 80.887, 15.803, 1.999, 0, 21, , 
690, 689.0, 1.522, 84.290, 11.741, 2.447, 0, 21, , 
691, 690.0, 1.503, 86.883, 8.490, 3.124, 0, 21, , 
692, 691.0, 1.288, 87.034, 8.104, 3.573, 0, 21, , 
693, 692.0, 1.501, 85.382, 10.223, 2.895, 0, 21, , 
694, 693.0, 1.551, 80.278, 15.028, 3.143, 0, 21, , 
695, 694.0, 1.369, 79.373, 16.520, 2.738, 0, 21, , 
696, 695.0, 1.850, 83.743, 11.216, 3.191, 0, 21, , 
697, 696.0, 2.147, 81.642, 12.082, 4.129, 0, 21, , 
698, 697.0, 1.850, 76.501, 15.289, 6.360, 0, 21, , 
699, 698.0, 1.802, 72.604, 17.668, 7.926, 0, 21, , 
700, 699.0, 1.850, 73.209, 16.214, 8.727, 0, 21, , 
701, 700.0, 1.096, 75.007, 17.013, 6.885, 0, 21, , 
702, 701.0, 1.784, 76.786, 14.175, 7.256, 0, 21, , 
703, 702.0, 1.994, 80.560, 11.771, 5.675, 0, 21, , 
704, 703.0, 1.174, 81.578, 11.693, 5.555, 0, 21, , 
705, 704.0, 1.843, 83.441, 10.625, 4.091, 0, 21, , 
706, 705.0, 1.608, 86.825, 8.357, 3.210, 0, 21, , 
707, 706.0, 2.036, 88.971, 7.271, 1.722, 0, 21, , 
708, 707.0, 2.192, 90.983, 5.523, 1.302, 0, 21, , 
709, 708.0, 2.075, 90.955, 5.183, 1.787, 0, 21, , 
710, 709.0, 1.540, 94.105, 3.666, 0.689, 0, 21, , 
711, 710.0, 2.398, 91.959, 4.717, 0.925, 0, 21, , 
712, 711.0, 1.627, 91.679, 6.015, 0.679, 0, 21, , 
713, 712.0, 1.107, 93.038, 5.617, 0.239, 0, 21, , 
714, 713.0, 1.985, 92.249, 5.597, 0.168, 0, 21, , 
715, 714.0, 1.069, 91.113, 7.681, 0.137, 0, 21, , 
716, 715.0, 1.332, 88.239, 10.429, 0.000, 0, 21, , 
717, 716.0, 1.534, 89.345, 9.121, 0.000, 0, 21, , 
718, 717.0, 2.003, 91.392, 6.605, 0.000, 0, 21, , 
719, 718.0, 1.998, 89.568, 8.434, 0.000, 0, 21, , 
720, 719.0, 1.692, 88.623, 9.686, 0.000, 0, 21, , 
721, 720.0, 1.735, 88.690, 9.575, 0.000, 0, 21, , 
722, 721.0, 1.681, 92.934, 5.384, 0.000, 0, 21, , 
723, 722.0, 1.860, 91.918, 5.726, 0.496, 0, 21, , 
724, 723.0, 1.579, 89.660, 8.761, 0.000, 0, 21, , 
725, 724.0, 1.956, 93.470, 4.574, 0.000, 0, 21, , 
726, 725.0, 2.004, 93.121, 4.876, 0.000, 0, 21, , 
727, 726.0, 2.179, 91.224, 6.597, 0.000, 0, 21, , 
728, 727.0, 1.571, 90.208, 8.013, 0.208, 0, 21, , 
729, 728.0, 1.244, 91.657, 7.099, 0.000, 0, 21, , 
730, 729.0, 1.383, 90.467, 8.150, 0.000, 0, 21, , 
731, 730.0, 2.017, 89.816, 8.167, 0.000, 0, 21, , 
732, 731.0, 1.353, 86.692, 11.955, 0.000, 0, 21, , 
733, 732.0, 1.403, 82.469, 16.127, 0.000, 0, 21, , 
734, 733.0, 2.061, 85.549, 12.191, 0.199, 0, 21, , 
735, 734.0, 2.034, 90.723, 7.244, 0.000, 0, 21, , 
736, 735.0, 1.590, 89.191, 9.219, 0.000, 0, 21, , 
737, 736.0, 1.335, 89.338, 9.327, 0.000, 0, 21, , 
738, 737.0, 1.979, 91.757, 6.264, 0.000, 0, 21, , 
739, 738.0, 1.678, 94.734, 3.588, 0.000, 0, 21, , 
740, 739.0, 1.688, 88.876, 9.436, 0.000, 0, 21, , 
741, 740.0, 1.717, 83.339, 14.944, 0.000, 0, 21, , 
742, 741.0, 1.474, 86.094, 12.431, 0.000, 0, 21, , 
743, 742.0, 0.644, 88.816, 10.540, 0.000, 0, 21, , 
744, 743.0, 1.682, 91.528, 6.791, 0.000, 0, 21, , 
745, 744.0, 2.241, 90.803, 6.956, 0.000, 0, 21, , 
746, 745.0, 2.179, 88.322, 9.499, 0.000, 0, 21, , 
747, 746.0, 1.572, 85.640, 12.617, 0.172, 0, 21, , 
748, 747.0, 1.691, 85.215, 13.094, 0.000, 0, 21, , 
749, 748.0, 1.755, 88.839, 9.406, 0.000, 0, 21, , 
750, 749.0, 1.640, 90.434, 7.925, 0.000, 0, 21, , 
751, 750.0, 1.648, 89.877, 8.475, 0.000, 0, 21, , 
752, 751.0, 1.742, 87.658, 10.118, 0.482, 0, 21, , 
753, 752.0, 2.040, 90.484, 7.477, 0.000, 0, 21, , 
754, 753.0, 2.173, 92.910, 4.916, 0.000, 0, 21, , 
755, 754.0, 2.162, 93.497, 4.340, 0.000, 0, 21, , 
756, 755.0, 2.467, 92.727, 4.806, 0.000, 0, 21, , 
757, 756.0, 2.658, 90.021, 7.321, 0.000, 0, 21, , 
758, 757.0, 2.009, 91.632, 6.359, 0.000, 0, 21, , 
759, 758.0, 1.842, 91.918, 6.240, 0.000, 0, 21, , 
760, 759.0, 1.737, 90.754, 7.509, 0.000, 0, 21, , 
761, 760.0, 1.370, 88.131, 10.500, 0.000, 0, 21, , 
762, 761.0, 1.347, 84.060, 14.593, 0.000, 0, 21, , 
763, 762.0, 1.661, 86.762, 11.576, 0.000, 0, 21, , 
764, 763.0, 2.268, 90.908, 6.824, 0.000, 0, 21, , 
765, 764.0, 1.467, 91.840, 6.693, 0.000, 0, 21, , 
766, 765.0, 1.732, 91.372, 6.763, 0.133, 0, 21, , 
767, 766.0, 1.744, 91.253, 7.003, 0.000, 0, 21, , 
768, 767.0, 1.601, 90.165, 8.233, 0.000, 0, 21, , 
769, 768.0, 1.725, 83.869, 14.211, 0.196, 0, 21, , 
770, 769.0, 1.740, 86.770, 11.490, 0.000, 0, 21, , 
771, 770.0, 1.551, 85.293, 13.156, 0.000, 0, 21, , 
772, 771.0, 1.641, 86.572, 11.787, 0.000, 0, 21, , 
773, 772.0, 1.104, 87.921, 10.976, 0.000, 0, 21, , 
774, 773.0, 0.899, 86.045, 13.056, 0.000, 0, 21, , 
775, 774.0, 1.928, 81.858, 16.074, 0.139, 0, 21, , 
776, 775.0, 1.904, 87.154, 10.774, 0.168, 0, 21, , 
777, 776.0, 1.381, 91.438, 6.940, 0.241, 0, 21, , 
778, 777.0, 1.744, 91.512, 6.744, 0.000, 0, 21, , 
779, 778.0, 1.589, 90.334, 8.077, 0.000, 0, 21, , 
780, 779.0, 1.210, 88.027, 10.762, 0.000, 0, 21, , 
781, 780.0, 1.696, 87.634, 10.669, 0.000, 0, 21, , 
782, 781.0, 1.742, 89.180, 9.078, 0.000, 0, 21, , 
783, 782.0, 1.364, 91.983, 6.653, 0.000, 0, 21, , 
784, 783.0, 1.703, 94.770, 3.527, 0.000, 0, 21, , 
785, 784.0, 1.742, 94.359, 3.899, 0.000, 0, 21, , 
786, 785.0, 1.680, 90.348, 7.972, 0.000, 0, 21, , 
787, 786.0, 1.700, 92.712, 5.588, 0.000, 0, 21, , 
788, 787.0, 1.756, 92.073, 6.171, 0.000, 0, 21, , 
789, 788.0, 1.661, 88.863, 9.476, 0.000, 0, 21, , 
790, 789.0, 1.070, 92.345, 6.585, 0.000, 0, 21, , 
791, 790.0, 0.968, 97.333, 1.699, 0.000, 0, 21, , 
792, 791.0, 1.974, 91.561, 6.465, 0.000, 0, 21, , 
793, 792.0, 2.123, 89.584, 8.293, 0.000, 0, 21, , 
794, 793.0, 1.460, 92.060, 6.481, 0.000, 0, 21, , 
795, 794.0, 1.915, 88.344, 9.475, 0.267, 0, 21, , 
796, 795.0, 1.777, 88.310, 9.913, 0.000, 0, 21, , 
797, 796.0, 2.011, 92.123, 5.866, 0.000, 0, 21, , 
798, 797.0, 1.863, 92.379, 5.759, 0.000, 0, 21, , 
799, 798.0, 1.470, 86.931, 11.599, 0.000, 0, 21, , 
800, 799.0, 2.277, 83.805, 13.918, 0.000, 0, 21, , 
801, 800.0, 1.358, 89.773, 8.869, 0.000, 0, 21, , 
802, 801.0, 1.507, 90.165, 8.195, 0.133, 0, 21, , 
803, 802.0, 1.214, 90.072, 8.713, 0.000, 0, 21, , 
804, 803.0, 1.303, 88.077, 10.620, 0.000, 0, 21, , 
805, 804.0, 1.323, 85.449, 13.058, 0.171, 0, 21, , 
806, 805.0, 1.666, 93.084, 5.250, 0.000, 0, 21, , 
807, 806.0, 2.190, 91.705, 6.105, 0.000, 0, 21, , 
808, 807.0, 1.653, 92.083, 6.263, 0.000, 0, 21, , 
809, 808.0, 1.751, 85.668, 12.581, 0.000, 0, 21, , 
810, 809.0, 1.710, 86.353, 11.727, 0.210, 0, 21, , 
811, 810.0, 1.095, 93.009, 5.608, 0.288, 0, 21, , 
812, 811.0, 1.164, 93.512, 5.073, 0.251, 0, 21, , 
813, 812.0, 2.292, 86.914, 10.794, 0.000, 0, 21, , 
814, 813.0, 2.115, 84.938, 12.714, 0.233, 0, 21, , 
815, 814.0, 2.239, 82.387, 15.374, 0.000, 0, 21, , 
816, 815.0, 1.279, 84.198, 14.523, 0.000, 0, 21, , 
817, 816.0, 1.751, 88.645, 9.232, 0.372, 0, 21, , 
818, 817.0, 2.257, 91.743, 6.001, 0.000, 0, 21, , 
819, 818.0, 1.889, 92.032, 6.080, 0.000, 0, 21, , 
820, 819.0, 1.558, 92.446, 5.861, 0.135, 0, 21, , 
821, 820.0, 1.546, 91.181, 7.273, 0.000, 0, 21, , 
822, 821.0, 1.910, 87.746, 10.344, 0.000, 0, 21, , 
823, 822.0, 1.622, 88.497, 9.746, 0.135, 0, 21, , 
824, 823.0, 2.779, 88.542, 8.679, 0.000, 0, 21, , 
825, 824.0, 1.443, 90.977, 7.332, 0.249, 0, 21, , 
826, 825.0, 1.846, 91.553, 6.601, 0.000, 0, 21, , 
827, 826.0, 1.891, 88.534, 9.575, 0.000, 0, 21, , 
828, 827.0, 1.958, 89.587, 8.455, 0.000, 0, 21, , 
829, 828.0, 1.546, 92.397, 6.057, 0.000, 0, 21, , 
830, 829.0, 1.481, 92.078, 6.441, 0.000, 0, 21, , 
831, 830.0, 1.817, 88.977, 9.205, 0.000, 0, 21, , 
832, 831.0, 2.141, 83.062, 14.593, 0.204, 0, 21, , 
833, 832.0, 1.618, 87.440, 10.942, 0.000, 0, 21, , 
834, 833.0, 2.045, 90.103, 7.852, 0.000, 0, 21, , 
835, 834.0, 2.059, 90.562, 7.379, 0.000, 0, 21, , 
836, 835.0, 2.113, 91.988, 5.899, 0.000, 0, 21, , 
837, 836.0, 2.600, 90.359, 7.041, 0.000, 0, 21, , 
838, 837.0, 2.017, 93.700, 4.283, 0.000, 0, 21, , 
839, 838.0, 1.754, 92.958, 5.288, 0.000, 0, 21, , 
840, 839.0, 1.119, 91.946, 6.935, 0.000, 0, 21, , 
841, 840.0, 1.620, 90.848, 7.532, 0.000, 0, 21, , 
842, 841.0, 1.563, 90.433, 8.003, 0.000, 0, 21, , 
843, 842.0, 2.017, 86.721, 11.262, 0.000, 0, 21, , 
844, 843.0, 1.692, 88.858, 9.450, 0.000, 0, 21, , 
845, 844.0, 1.381, 88.101, 10.350, 0.168, 0, 21, , 
846, 845.0, 1.415, 88.285, 10.300, 0.000, 0, 21, , 
847, 846.0, 1.980, 90.499, 7.354, 0.168, 0, 21, , 
848, 847.0, 2.083, 89.266, 8.274, 0.376, 0, 21, , 
849, 848.0, 2.246, 86.440, 11.045, 0.269, 0, 21, , 
850, 849.0, 1.914, 86.847, 11.239, 0.000, 0, 21, , 
851, 850.0, 1.698, 88.818, 9.484, 0.000, 0, 21, , 
852, 851.0, 2.015, 88.645, 9.340, 0.000, 0, 21, , 
853, 852.0, 1.967, 86.138, 11.592, 0.304, 0, 21, , 
854, 853.0, 2.021, 89.149, 8.831, 0.000, 0, 21, , 
855, 854.0, 2.054, 90.040, 7.906, 0.000, 0, 21, , 
856, 855.0, 1.601, 93.492, 4.908, 0.000, 0, 21, , 
857, 856.0, 1.746, 92.749, 5.505, 0.000, 0, 21, , 
858, 857.0, 1.970, 87.744, 10.287, 0.000, 0, 21, , 
859, 858.0, 1.291, 90.735, 7.975, 0.000, 0, 21, , 
860, 859.0, 1.681, 91.165, 7.153, 0.000, 0, 21, , 
861, 860.0, 1.753, 90.986, 7.262, 0.000, 0, 21, , 
862, 861.0, 1.973, 86.008, 12.019, 0.000, 0, 21, , 
863, 862.0, 1.856, 88.194, 9.950, 0.000, 0, 21, , 
864, 863.0, 1.805, 88.712, 9.482, 0.000, 0, 21, , 
865, 864.0, 1.657, 86.381, 11.962, 0.000, 0, 21, , 
866, 865.0, 1.857, 87.132, 11.011, 0.000, 0, 21, , 
867, 866.0, 2.179, 87.806, 10.015, 0.000, 0, 21, , 
868, 867.0, 1.435, 91.335, 7.095, 0.135, 0, 21, , 
869, 868.0, 1.326, 91.766, 6.908, 0.000, 0, 21, , 
870, 869.0, 1.390, 90.519, 8.091, 0.000, 0, 21, , 
871, 870.0, 2.111, 88.319, 9.570, 0.000, 0, 21, , 
872, 871.0, 1.827, 84.251, 13.923, 0.000, 0, 21, , 
873, 872.0, 1.597, 85.024, 13.379, 0.000, 0, 21, , 
874, 873.0, 1.240, 83.854, 14.907, 0.000, 0, 21, , 
875, 874.0, 1.160, 87.595, 11.113, 0.132, 0, 21, , 
876, 875.0, 1.687, 92.681, 5.632, 0.000, 0, 21, , 
877, 876.0, 2.051, 92.588, 5.361, 0.000, 0, 21, , 
878, 877.0, 1.718, 94.443, 3.839, 0.000, 0, 21, , 
879, 878.0, 1.818, 91.687, 6.495, 0.000, 0, 21, , 
880, 879.0, 1.583, 93.045, 5.372, 0.000, 0, 21, , 
881, 880.0, 1.574, 92.679, 5.747, 0.000, 0, 21, , 
882, 881.0, 1.129, 95.816, 3.055, 0.000, 0, 21, , 
883, 882.0, 1.836, 92.815, 5.349, 0.000, 0, 21, , 
884, 883.0, 1.191, 92.180, 6.629, 0.000, 0, 21, , 
885, 884.0, 1.804, 93.368, 4.828, 0.000, 0, 21, , 
886, 885.0, 1.506, 92.451, 6.042, 0.000, 0, 21, , 
887, 886.0, 2.144, 91.395, 6.227, 0.234, 0, 21, , 
888, 887.0, 2.026, 90.297, 7.677, 0.000, 0, 21, , 
889, 888.0, 1.442, 89.803, 8.755, 0.000, 0, 21, , 
890, 889.0, 1.999, 88.547, 9.454, 0.000, 0, 21, , 
891, 890.0, 1.267, 88.641, 10.092, 0.000, 0, 21, , 
892, 891.0, 1.805, 83.532, 14.663, 0.000, 0, 21, , 
893, 892.0, 1.695, 89.556, 8.749, 0.000, 0, 21, , 
894, 893.0, 2.106, 88.344, 9.550, 0.000, 0, 21, , 
895, 894.0, 1.949, 86.377, 11.675, 0.000, 0, 21, , 
896, 895.0, 1.733, 87.607, 10.660, 0.000, 0, 21, , 
897, 896.0, 1.734, 91.703, 6.563, 0.000, 0, 21, , 
898, 897.0, 1.521, 94.528, 3.952, 0.000, 0, 21, , 
899, 898.0, 1.644, 91.260, 7.097, 0.000, 0, 21, , 
900, 899.0, 2.191, 90.625, 7.184, 0.000, 0, 21, , 
901, 900.0, 0.648, 91.925, 7.427, 0.000, 0, 21, , 
902, 901.0, 2.093, 85.607, 12.300, 0.000, 0, 21, , 
903, 902.0, 2.262, 85.554, 12.183, 0.000, 0, 21, , 
904, 903.0, 1.727, 87.622, 10.651, 0.000, 0, 21, , 
905, 904.0, 2.091, 87.091, 10.819, 0.000, 0, 21, , 
906, 905.0, 1.748, 88.964, 9.288, 0.000, 0, 21, , 
907, 906.0, 1.635, 94.153, 4.211, 0.000, 0, 21, , 
908, 907.0, 1.783, 94.122, 4.095, 0.000, 0, 21, , 
909, 908.0, 1.914, 89.998, 8.089, 0.000, 0, 21, , 
910, 909.0, 1.660, 83.330, 14.840, 0.170, 0, 21, , 
911, 910.0, 2.085, 87.826, 10.089, 0.000, 0, 21, , 
912, 911.0, 1.279, 92.973, 5.432, 0.317, 0, 21, , 
913, 912.0, 1.899, 93.181, 4.644, 0.277, 0, 21, , 
914, 913.0, 2.252, 87.944, 9.530, 0.273, 0, 21, , 
915, 914.0, 2.281, 81.434, 16.046, 0.240, 0, 21, , 
916, 915.0, 2.509, 84.799, 12.342, 0.351, 0, 21, , 
917, 916.0, 1.767, 88.232, 9.825, 0.176, 0, 21, , 
918, 917.0, 1.418, 86.185, 12.253, 0.143, 0, 21, , 
919, 918.0, 1.984, 81.828, 16.188, 0.000, 0, 21, , 
920, 919.0, 2.253, 82.679, 15.068, 0.000, 0, 21, , 
921, 920.0, 1.949, 83.109, 14.943, 0.000, 0, 21, , 
922, 921.0, 1.798, 89.769, 8.433, 0.000, 0, 21, , 
923, 922.0, 1.713, 89.546, 8.741, 0.000, 0, 21, , 
924, 923.0, 2.118, 93.519, 4.363, 0.000, 0, 21, , 
925, 924.0, 2.194, 95.319, 2.487, 0.000, 0, 21, , 
926, 925.0, 1.649, 96.339, 2.011, 0.000, 0, 21, , 
927, 926.0, 1.807, 95.303, 2.890, 0.000, 0, 21, , 
928, 927.0, 1.814, 95.281, 2.905, 0.000, 0, 21, , 
929, 928.0, 1.673, 94.529, 3.798, 0.000, 0, 21, , 
930, 929.0, 2.102, 89.164, 8.734, 0.000, 0, 21, , 
931, 930.0, 1.468, 88.611, 9.921, 0.000, 0, 21, , 
932, 931.0, 1.577, 87.402, 11.021, 0.000, 0, 21, , 
933, 932.0, 1.697, 89.589, 8.714, 0.000, 0, 21, , 
934, 933.0, 2.183, 88.529, 9.086, 0.202, 0, 21, , 
935, 934.0, 2.108, 85.939, 11.708, 0.245, 0, 21, , 
936, 935.0, 1.737, 84.591, 13.465, 0.206, 0, 21, , 
937, 936.0, 1.402, 85.568, 12.829, 0.201, 0, 21, , 
938, 937.0, 2.064, 89.655, 8.281, 0.000, 0, 21, , 
939, 938.0, 1.375, 90.764, 7.861, 0.000, 0, 21, , 
940, 939.0, 1.946, 90.570, 7.483, 0.000, 0, 21, , 
941, 940.0, 1.577, 89.895, 8.528, 0.000, 0, 21, , 
942, 941.0, 1.917, 90.066, 7.881, 0.136, 0, 21, , 
943, 942.0, 1.955, 89.911, 8.134, 0.000, 0, 21, , 
944, 943.0, 2.279, 90.035, 7.686, 0.000, 0, 21, , 
945, 944.0, 1.470, 85.849, 12.478, 0.203, 0, 21, , 
946, 945.0, 1.916, 84.204, 13.677, 0.203, 0, 21, , 
947, 946.0, 2.573, 83.348, 13.677, 0.402, 0, 21, , 
948, 947.0, 1.904, 87.436, 10.660, 0.000, 0, 21, , 
949, 948.0, 1.998, 90.359, 7.643, 0.000, 0, 21, , 
950, 949.0, 1.596, 91.721, 6.683, 0.000, 0, 21, , 
951, 950.0, 1.975, 93.313, 4.712, 0.000, 0, 21, , 
952, 951.0, 1.586, 97.563, 0.851, 0.000, 0, 21, , 
953, 952.0, 2.115, 93.953, 3.933, 0.000, 0, 21, , 
954, 953.0, 1.914, 94.040, 4.046, 0.000, 0, 21, , 
955, 954.0, 1.705, 92.777, 5.518, 0.000, 0, 21, , 
956, 955.0, 1.489, 88.055, 10.456, 0.000, 0, 21, , 
957, 956.0, 1.842, 81.072, 17.085, 0.000, 0, 21, , 
958, 957.0, 1.419, 87.383, 11.198, 0.000, 0, 21, , 
959, 958.0, 1.730, 89.942, 8.327, 0.000, 0, 21, , 
960, 959.0, 1.890, 88.873, 9.237, 0.000, 0, 21, , 
961, 960.0, 1.666, 83.922, 14.412, 0.000, 0, 21, , 
962, 961.0, 1.642, 82.407, 15.950, 0.000, 0, 21, , 
963, 962.0, 2.028, 88.858, 9.114, 0.000, 0, 21, , 
964, 963.0, 1.347, 94.006, 4.646, 0.000, 0, 21, , 
965, 964.0, 1.446, 94.121, 4.433, 0.000, 0, 21, , 
966, 965.0, 1.637, 93.270, 5.093, 0.000, 0, 21, , 
967, 966.0, 1.397, 94.160, 4.443, 0.000, 0, 21, , 
968, 967.0, 2.025, 94.396, 3.580, 0.000, 0, 21, , 
969, 968.0, 1.635, 92.449, 5.916, 0.000, 0, 21, , 
970, 969.0, 1.623, 90.665, 7.712, 0.000, 0, 21, , 
971, 970.0, 1.425, 88.980, 9.595, 0.000, 0, 21, , 
972, 971.0, 1.892, 86.034, 12.074, 0.000, 0, 21, , 
973, 972.0, 1.888, 86.395, 11.717, 0.000, 0, 21, , 
974, 973.0, 1.323, 87.390, 11.287, 0.000, 0, 21, , 
975, 974.0, 0.992, 88.555, 10.453, 0.000, 0, 21, , 
976, 975.0, 1.728, 87.065, 11.207, 0.000, 0, 21, , 
977, 976.0, 1.683, 87.097, 11.220, 0.000, 0, 21, , 
978, 977.0, 1.744, 88.207, 10.049, 0.000, 0, 21, , 
979, 978.0, 1.303, 88.961, 9.736, 0.000, 0, 21, , 
980, 979.0, 1.865, 87.436, 10.699, 0.000, 0, 21, , 
981, 980.0, 1.941, 88.790, 9.269, 0.000, 0, 21, , 
982, 981.0, 1.395, 91.002, 7.602, 0.000, 0, 21, , 
983, 982.0, 1.531, 91.173, 7.295, 0.000, 0, 21, , 
984, 983.0, 1.673, 95.081, 3.247, 0.000, 0, 21, , 
985, 984.0, 1.748, 92.903, 5.350, 0.000, 0, 21, , 
986, 985.0, 1.885, 94.339, 3.776, 0.000, 0, 21, , 
987, 986.0, 1.845, 92.496, 5.660, 0.000, 0, 21, , 
988, 987.0, 1.412, 89.916, 8.672, 0.000, 0, 21, , 
989, 988.0, 1.917, 89.682, 8.402, 0.000, 0, 21, , 
990, 989.0, 2.099, 88.514, 9.387, 0.000, 0, 21, , 
991, 990.0, 1.633, 85.378, 12.989, 0.000, 0, 21, , 
992, 991.0, 1.078, 84.583, 14.339, 0.000, 0, 21, , 
993, 992.0, 1.791, 81.797, 16.412, 0.000, 0, 21, , 
994, 993.0, 1.247, 89.794, 8.959, 0.000, 0, 21, , 
995, 994.0, 1.346, 91.265, 7.153, 0.236, 0, 21, , 
996, 995.0, 1.829, 88.246, 9.595, 0.330, 0, 21, , 
997, 996.0, 1.932, 88.703, 9.365, 0.000, 0, 21, , 
998, 997.0, 1.660, 86.982, 11.358, 0.000, 0, 21, , 
999, 998.0, 1.967, 90.893, 7.140, 0.000, 0, 21, , 
1000, 999.0, 1.525, 91.431, 7.045, 0.000, 0, 21, , 
1001, 1000.0, 1.386, 91.016, 7.598, 0.000, 0, 21, , 
1002, 1001.0, 1.916, 91.491, 6.594, 0.000, 0, 21, , 
1003, 1002.0, 1.704, 91.218, 7.078, 0.000, 0, 21, , 
1004, 1003.0, 1.642, 87.388, 10.971, 0.000, 0, 21, , 
1005, 1004.0, 2.229, 85.109, 12.662, 0.000, 0, 21, , 
1006, 1005.0, 1.766, 92.678, 5.555, 0.000, 0, 21, , 
1007, 1006.0, 2.164, 91.111, 6.725, 0.000, 0, 21, , 
1008, 1007.0, 2.098, 91.567, 5.967, 0.367, 0, 21, , 
1009, 1008.0, 2.275, 89.148, 8.439, 0.138, 0, 21, , 
1010, 1009.0, 1.222, 90.740, 8.038, 0.000, 0, 21, , 
1011, 1010.0, 1.301, 90.107, 8.593, 0.000, 0, 21, , 
1012, 1011.0, 2.200, 88.150, 9.650, 0.000, 0, 21, , 
1013, 1012.0, 1.432, 89.681, 8.888, 0.000, 0, 21, , 
1014, 1013.0, 1.380, 91.005, 7.615, 0.000, 0, 21, , 
1015, 1014.0, 1.900, 90.178, 7.923, 0.000, 0, 21, , 
1016, 1015.0, 1.321, 89.709, 8.970, 0.000, 0, 21, , 
1017, 1016.0, 1.610, 86.498, 11.892, 0.000, 0, 21, , 
1018, 1017.0, 1.284, 86.104, 12.612, 0.000, 0, 21, , 
1019, 1018.0, 2.099, 89.378, 8.522, 0.000, 0, 21, , 
1020, 1019.0, 2.109, 92.600, 5.291, 0.000, 0, 21, , 
1021, 1020.0, 1.401, 91.398, 7.201, 0.000, 0, 21, , 
1022, 1021.0, 1.623, 86.624, 11.753, 0.000, 0, 21, , 
1023, 1022.0, 2.003, 88.656, 9.341, 0.000, 0, 21, , 
1024, 1023.0, 1.717, 91.861, 6.423, 0.000, 0, 21, , 
1025, 1024.0, 0.929, 91.427, 7.644, 0.000, 0, 21, , 
1026, 1025.0, 1.978, 93.695, 4.327, 0.000, 0, 21, , 
1027, 1026.0, 1.806, 93.211, 4.983, 0.000, 0, 21, , 
1028, 1027.0, 1.760, 93.619, 4.621, 0.000, 0, 21, , 
1029, 1028.0, 1.420, 92.168, 6.412, 0.000, 0, 21, , 
1030, 1029.0, 1.356, 90.925, 7.719, 0.000, 0, 21, , 
1031, 1030.0, 1.409, 90.387, 8.205, 0.000, 0, 21, , 
1032, 1031.0, 1.728, 90.432, 7.840, 0.000, 0, 21, , 
1033, 1032.0, 1.550, 88.911, 9.539, 0.000, 0, 21, , 
1034, 1033.0, 1.605, 90.510, 7.884, 0.000, 0, 21, , 
1035, 1034.0, 1.786, 90.069, 8.145, 0.000, 0, 21, , 
1036, 1035.0, 1.258, 92.509, 6.233, 0.000, 0, 21, , 
1037, 1036.0, 1.931, 91.405, 6.664, 0.000, 0, 21, , 
1038, 1037.0, 2.264, 92.811, 4.925, 0.000, 0, 21, , 
1039, 1038.0, 1.845, 93.027, 5.128, 0.000, 0, 21, , 
1040, 1039.0, 2.553, 92.303, 5.143, 0.000, 0, 21, , 
1041, 1040.0, 2.061, 92.322, 5.617, 0.000, 0, 21, , 
1042, 1041.0, 2.110, 90.609, 7.280, 0.000, 0, 21, , 
1043, 1042.0, 2.023, 91.042, 6.935, 0.000, 0, 21, , 
1044, 1043.0, 1.605, 88.630, 9.765, 0.000, 0, 21, , 
1045, 1044.0, 2.139, 90.888, 6.973, 0.000, 0, 21, , 
1046, 1045.0, 1.673, 93.967, 4.360, 0.000, 0, 21, , 
1047, 1046.0, 1.801, 92.890, 5.309, 0.000, 0, 21, , 
1048, 1047.0, 2.103, 89.872, 8.025, 0.000, 0, 21, , 
1049, 1048.0, 2.172, 92.507, 5.321, 0.000, 0, 21, , 
1050, 1049.0, 1.834, 93.741, 4.425, 0.000, 0, 21, , 
1051, 1050.0, 1.729, 89.417, 8.596, 0.258, 0, 21, , 
1052, 1051.0, 1.714, 89.514, 8.511, 0.261, 0, 21, , 
1053, 1052.0, 1.236, 92.241, 6.523, 0.000, 0, 21, , 
1054, 1053.0, 1.813, 90.459, 7.728, 0.000, 0, 21, , 
1055, 1054.0, 1.290, 84.205, 14.505, 0.000, 0, 21, , 
1056, 1055.0, 1.524, 92.345, 6.131, 0.000, 0, 21, , 
1057, 1056.0, 1.042, 94.682, 4.275, 0.000, 0, 21, , 
1058, 1057.0, 1.546, 92.395, 5.888, 0.171, 0, 21, , 
1059, 1058.0, 1.502, 89.934, 8.564, 0.000, 0, 21, , 
1060, 1059.0, 1.626, 88.892, 9.482, 0.000, 0, 21, , 
1061, 1060.0, 1.452, 91.225, 7.323, 0.000, 0, 21, , 
1062, 1061.0, 1.857, 89.550, 8.593, 0.000, 0, 21, , 
1063, 1062.0, 1.440, 88.836, 9.724, 0.000, 0, 21, , 
1064, 1063.0, 1.662, 87.517, 10.821, 0.000, 0, 21, , 
1065, 1064.0, 1.411, 91.746, 6.843, 0.000, 0, 21, , 
1066, 1065.0, 1.572, 93.070, 5.358, 0.000, 0, 21, , 
1067, 1066.0, 1.327, 91.054, 7.619, 0.000, 0, 21, , 
1068, 1067.0, 1.662, 86.688, 11.649, 0.000, 0, 21, , 
1069, 1068.0, 2.090, 90.181, 7.729, 0.000, 0, 21, , 
1070, 1069.0, 1.273, 93.677, 5.050, 0.000, 0, 21, , 
1071, 1070.0, 1.828, 93.678, 4.494, 0.000, 0, 21, , 
1072, 1071.0, 1.863, 91.625, 6.512, 0.000, 0, 21, , 
1073, 1072.0, 1.744, 88.900, 9.356, 0.000, 0, 21, , 
1074, 1073.0, 1.472, 88.424, 10.104, 0.000, 0, 21, , 
1075, 1074.0, 1.777, 90.149, 8.075, 0.000, 0, 21, , 
1076, 1075.0, 1.549, 92.669, 5.782, 0.000, 0, 21, , 
1077, 1076.0, 1.499, 90.596, 7.905, 0.000, 0, 21, , 
1078, 1077.0, 1.381, 93.181, 5.438, 0.000, 0, 21, , 
1079, 1078.0, 1.996, 92.854, 5.151, 0.000, 0, 21, , 
1080, 1079.0, 1.655, 90.673, 7.392, 0.281, 0, 21, , 
1081, 1080.0, 2.608, 87.133, 10.029, 0.230, 0, 21, , 
1082, 1081.0, 2.284, 85.979, 11.737, 0.000, 0, 21, , 
1083, 1082.0, 1.424, 88.363, 10.079, 0.134, 0, 21, , 
1084, 1083.0, 2.257, 90.246, 7.498, 0.000, 0, 21, , 
1085, 1084.0, 1.296, 91.113, 7.376, 0.215, 0, 21, , 
1086, 1085.0, 2.101, 90.672, 7.226, 0.000, 0, 21, , 
1087, 1086.0, 1.818, 89.587, 8.595, 0.000, 0, 21, , 
1088, 1087.0, 1.680, 87.344, 10.773, 0.202, 0, 21, , 
1089, 1088.0, 1.765, 87.001, 11.097, 0.136, 0, 21, , 
1090, 1089.0, 1.999, 85.598, 12.403, 0.000, 0, 21, , 
1091, 1090.0, 2.075, 89.053, 8.872, 0.000, 0, 21, , 
1092, 1091.0, 1.796, 90.016, 8.188, 0.000, 0, 21, , 
1093, 1092.0, 1.555, 91.669, 6.777, 0.000, 0, 21, , 
1094, 1093.0, 1.953, 92.416, 5.394, 0.238, 0, 21, , 
1095, 1094.0, 2.208, 89.439, 8.353, 0.000, 0, 21, , 
1096, 1095.0, 1.311, 90.728, 7.961, 0.000, 0, 21, , 
1097, 1096.0, 1.578, 89.223, 9.199, 0.000, 0, 21, , 
1098, 1097.0, 1.638, 90.769, 7.593, 0.000, 0, 21, , 
1099, 1098.0, 1.831, 91.179, 6.990, 0.000, 0, 21, , 
1100, 1099.0, 1.811, 89.543, 8.646, 0.000, 0, 21, , 
1101, 1100.0, 1.809, 90.007, 8.184, 0.000, 0, 21, , 
1102, 1101.0, 1.275, 92.457, 6.268, 0.000, 0, 21, , 
1103, 1102.0, 1.769, 93.157, 5.074, 0.000, 0, 21, , 
1104, 1103.0, 1.758, 91.425, 6.818, 0.000, 0, 21, , 
1105, 1104.0, 0.712, 89.889, 9.224, 0.176, 0, 21, , 
1106, 1105.0, 2.124, 85.443, 12.164, 0.269, 0, 21, , 
1107, 1106.0, 2.148, 85.721, 12.131, 0.000, 0, 21, , 
1108, 1107.0, 1.812, 88.063, 10.125, 0.000, 0, 21, , 
1109, 1108.0, 1.642, 90.097, 8.262, 0.000, 0, 21, , 
1110, 1109.0, 1.751, 89.878, 8.371, 0.000, 0, 21, , 
1111, 1110.0, 1.770, 88.965, 9.265, 0.000, 0, 21, , 
1112, 1111.0, 1.871, 90.428, 7.701, 0.000, 0, 21, , 
1113, 1112.0, 2.041, 88.851, 9.108, 0.000, 0, 21, , 
1114, 1113.0, 1.853, 86.662, 11.485, 0.000, 0, 21, , 
1115, 1114.0, 1.909, 88.951, 9.140, 0.000, 0, 21, , 
1116, 1115.0, 1.887, 87.386, 10.562, 0.165, 0, 21, , 
1117, 1116.0, 1.994, 88.860, 8.840, 0.306, 0, 21, , 
1118, 1117.0, 2.240, 87.552, 10.009, 0.199, 0, 21, , 
1119, 1118.0, 1.876, 86.328, 11.796, 0.000, 0, 21, , 
1120, 1119.0, 2.260, 90.110, 7.630, 0.000, 0, 21, , 
1121, 1120.0, 2.060, 88.936, 9.004, 0.000, 0, 21, , 
1122, 1121.0, 1.637, 88.269, 9.787, 0.308, 0, 21, , 
1123, 1122.0, 2.101, 91.735, 6.163, 0.000, 0, 21, , 
1124, 1123.0, 1.500, 92.823, 5.463, 0.214, 0, 21, , 
1125, 1124.0, 2.064, 88.441, 9.116, 0.379, 0, 21, , 
1126, 1125.0, 1.950, 86.661, 11.389, 0.000, 0, 21, , 
1127, 1126.0, 1.450, 89.939, 8.610, 0.000, 0, 21, , 
1128, 1127.0, 1.801, 91.122, 7.077, 0.000, 0, 21, , 
1129, 1128.0, 2.380, 88.516, 9.104, 0.000, 0, 21, , 
1130, 1129.0, 0.863, 88.429, 10.708, 0.000, 0, 21, , 
1131, 1130.0, 1.975, 90.154, 7.870, 0.000, 0, 21, , 
1132, 1131.0, 1.834, 90.960, 7.206, 0.000, 0, 21, , 
1133, 1132.0, 1.905, 90.355, 7.739, 0.000, 0, 21, , 
1134, 1133.0, 2.047, 90.181, 7.772, 0.000, 0, 21, , 
1135, 1134.0, 2.428, 88.603, 8.968, 0.000, 0, 21, , 
1136, 1135.0, 1.939, 90.311, 7.750, 0.000, 0, 21, , 
1137, 1136.0, 1.390, 89.530, 9.080, 0.000, 0, 21, , 
1138, 1137.0, 2.004, 88.703, 9.293, 0.000, 0, 21, , 
1139, 1138.0, 1.101, 91.276, 7.623, 0.000, 0, 21, , 
1140, 1139.0, 1.853, 91.319, 6.660, 0.168, 0, 21, , 
1141, 1140.0, 1.646, 93.419, 4.936, 0.000, 0, 21, , 
1142, 1141.0, 2.239, 93.892, 3.869, 0.000, 0, 21, , 
1143, 1142.0, 1.385, 91.746, 6.869, 0.000, 0, 21, , 
1144, 1143.0, 1.686, 90.625, 7.689, 0.000, 0, 21, , 
1145, 1144.0, 1.902, 92.956, 5.142, 0.000, 0, 21, , 
1146, 1145.0, 1.416, 93.821, 4.763, 0.000, 0, 21, , 
1147, 1146.0, 1.173, 92.639, 6.188, 0.000, 0, 21, , 
1148, 1147.0, 1.317, 90.877, 7.806, 0.000, 0, 21, , 
1149, 1148.0, 1.628, 87.895, 10.477, 0.000, 0, 21, , 
1150, 1149.0, 1.570, 87.841, 10.422, 0.167, 0, 21, , 
1151, 1150.0, 1.920, 89.401, 8.678, 0.000, 0, 21, , 
1152, 1151.0, 1.683, 87.183, 11.135, 0.000, 0, 21, , 
1153, 1152.0, 1.974, 86.083, 11.942, 0.000, 0, 21, , 
1154, 1153.0, 1.506, 83.424, 15.070, 0.000, 0, 21, , 
1155, 1154.0, 1.782, 88.589, 9.629, 0.000, 0, 21, , 
1156, 1155.0, 1.322, 92.994, 5.684, 0.000, 0, 21, , 
1157, 1156.0, 2.010, 93.635, 4.355, 0.000, 0, 21, , 
1158, 1157.0, 1.882, 89.345, 8.773, 0.000, 0, 21, , 
1159, 1158.0, 1.531, 89.636, 8.833, 0.000, 0, 21, , 
1160, 1159.0, 1.943, 87.875, 10.053, 0.129, 0, 21, , 
1161, 1160.0, 1.107, 84.077, 14.816, 0.000, 0, 21, , 
1162, 1161.0, 1.416, 88.735, 9.849, 0.000, 0, 21, , 
1163, 1162.0, 1.692, 91.739, 6.569, 0.000, 0, 21, , 
1164, 1163.0, 1.643, 93.577, 4.781, 0.000, 0, 21, , 
1165, 1164.0, 1.554, 93.471, 4.974, 0.000, 0, 21, , 
1166, 1165.0, 1.637, 90.080, 8.284, 0.000, 0, 21, , 
1167, 1166.0, 1.503, 90.519, 7.839, 0.140, 0, 21, , 
1168, 1167.0, 1.554, 89.539, 8.907, 0.000, 0, 21, , 
1169, 1168.0, 2.060, 86.920, 11.020, 0.000, 0, 21, , 
1170, 1169.0, 1.832, 89.190, 8.979, 0.000, 0, 21, , 
1171, 1170.0, 1.808, 91.410, 6.612, 0.170, 0, 21, , 
1172, 1171.0, 1.778, 88.609, 9.614, 0.000, 0, 21, , 
1173, 1172.0, 1.478, 90.002, 8.520, 0.000, 0, 21, , 
1174, 1173.0, 1.270, 86.849, 11.881, 0.000, 0, 21, , 
1175, 1174.0, 1.629, 85.755, 12.617, 0.000, 0, 21, , 
1176, 1175.0, 1.851, 88.268, 9.881, 0.000, 0, 21, , 
1177, 1176.0, 1.741, 89.729, 8.530, 0.000, 0, 21, , 
1178, 1177.0, 1.586, 89.482, 8.932, 0.000, 0, 21, , 
1179, 1178.0, 1.607, 91.144, 7.249, 0.000, 0, 21, , 
1180, 1179.0, 1.800, 92.128, 6.071, 0.000, 0, 21, , 
1181, 1180.0, 1.450, 91.006, 7.544, 0.000, 0, 21, , 
1182, 1181.0, 1.705, 89.990, 8.305, 0.000, 0, 21, , 
1183, 1182.0, 1.643, 92.085, 6.272, 0.000, 0, 21, , 
1184, 1183.0, 1.620, 92.827, 5.553, 0.000, 0, 21, , 
1185, 1184.0, 1.526, 88.854, 9.620, 0.000, 0, 21, , 
1186, 1185.0, 1.780, 89.148, 8.940, 0.132, 0, 21, , 
1187, 1186.0, 1.108, 87.063, 11.829, 0.000, 0, 21, , 
1188, 1187.0, 1.801, 87.077, 11.123, 0.000, 0, 21, , 
1189, 1188.0, 1.312, 87.957, 10.731, 0.000, 0, 21, , 
1190, 1189.0, 1.922, 86.130, 11.948, 0.000, 0, 21, , 
1191, 1190.0, 1.880, 88.856, 9.264, 0.000, 0, 21, , 
1192, 1191.0, 1.931, 91.778, 6.291, 0.000, 0, 21, , 
1193, 1192.0, 1.140, 88.786, 10.074, 0.000, 0, 21, , 
1194, 1193.0, 1.963, 86.780, 10.991, 0.265, 0, 21, , 
1195, 1194.0, 1.812, 83.955, 14.233, 0.000, 0, 21, , 
1196, 1195.0, 1.207, 87.938, 10.719, 0.135, 0, 21, , 
1197, 1196.0, 1.883, 90.631, 7.486, 0.000, 0, 21, , 
1198, 1197.0, 2.065, 89.608, 8.327, 0.000, 0, 21, , 
1199, 1198.0, 1.116, 93.347, 5.537, 0.000, 0, 21, , 
1200, 1199.0, 1.685, 94.963, 3.352, 0.000, 0, 21, , 
1201, 1200.0, 1.001, 95.797, 3.201, 0.000, 0, 21, , 
1202, 1201.0, 1.423, 96.141, 2.435, 0.000, 0, 21, , 
1203, 1202.0, 1.602, 93.430, 4.967, 0.000, 0, 21, , 
1204, 1203.0, 2.199, 92.597, 5.068, 0.136, 0, 21, , 
1205, 1204.0, 1.879, 89.464, 8.657, 0.000, 0, 21, , 
1206, 1205.0, 1.908, 85.637, 12.455, 0.000, 0, 21, , 
1207, 1206.0, 1.294, 86.868, 11.838, 0.000, 0, 21, , 
1208, 1207.0, 1.578, 90.459, 7.963, 0.000, 0, 21, , 
1209, 1208.0, 1.312, 91.477, 7.211, 0.000, 0, 21, , 
1210, 1209.0, 1.848, 89.821, 8.332, 0.000, 0, 21, , 
1211, 1210.0, 1.873, 90.354, 7.774, 0.000, 0, 21, , 
1212, 1211.0, 1.692, 88.023, 10.285, 0.000, 0, 21, , 
1213, 1212.0, 1.529, 91.393, 7.078, 0.000, 0, 21, , 
1214, 1213.0, 1.660, 93.271, 5.069, 0.000, 0, 21, , 
1215, 1214.0, 1.697, 92.562, 5.741, 0.000, 0, 21, , 
1216, 1215.0, 1.795, 92.028, 6.177, 0.000, 0, 21, , 
1217, 1216.0, 1.635, 91.179, 7.186, 0.000, 0, 21, , 
1218, 1217.0, 1.342, 91.378, 7.280, 0.000, 0, 21, , 
1219, 1218.0, 1.580, 91.520, 6.900, 0.000, 0, 21, , 
1220, 1219.0, 1.525, 88.806, 9.669, 0.000, 0, 21, , 
1221, 1220.0, 1.959, 89.037, 8.631, 0.373, 0, 21, , 
1222, 1221.0, 2.016, 93.616, 4.368, 0.000, 0, 21, , 
1223, 1222.0, 2.025, 92.211, 5.763, 0.000, 0, 21, , 
1224, 1223.0, 2.006, 90.538, 7.456, 0.000, 0, 21, , 
1225, 1224.0, 2.162, 92.622, 5.215, 0.000, 0, 21, , 
1226, 1225.0, 1.594, 91.760, 6.646, 0.000, 0, 21, , 
1227, 1226.0, 1.730, 92.772, 5.497, 0.000, 0, 21, , 
1228, 1227.0, 1.855, 93.217, 4.928, 0.000, 0, 21, , 
1229, 1228.0, 1.912, 92.922, 4.964, 0.202, 0, 21, , 
1230, 1229.0, 1.552, 89.500, 8.575, 0.372, 0, 21, , 
1231, 1230.0, 2.393, 89.069, 8.401, 0.137, 0, 21, , 
1232, 1231.0, 2.088, 86.097, 11.815, 0.000, 0, 21, , 
1233, 1232.0, 1.221, 87.822, 10.956, 0.000, 0, 21, , 
1234, 1233.0, 1.874, 88.960, 9.166, 0.000, 0, 21, , 
1235, 1234.0, 1.860, 89.986, 8.154, 0.000, 0, 21, , 
1236, 1235.0, 2.137, 90.871, 6.991, 0.000, 0, 21, , 
1237, 1236.0, 1.599, 93.159, 5.243, 0.000, 0, 21, , 
1238, 1237.0, 2.033, 92.954, 5.013, 0.000, 0, 21, , 
1239, 1238.0, 2.517, 90.336, 7.147, 0.000, 0, 21, , 
1240, 1239.0, 2.125, 88.780, 9.095, 0.000, 0, 21, , 
1241, 1240.0, 1.533, 87.108, 11.359, 0.000, 0, 21, , 
1242, 1241.0, 1.682, 86.213, 12.105, 0.000, 0, 21, , 
1243, 1242.0, 1.820, 89.709, 8.471, 0.000, 0, 21, , 
1244, 1243.0, 2.044, 90.430, 7.526, 0.000, 0, 21, , 
1245, 1244.0, 1.778, 90.004, 8.218, 0.000, 0, 21, , 
1246, 1245.0, 1.731, 88.531, 9.739, 0.000, 0, 21, , 
1247, 1246.0, 1.123, 90.237, 8.640, 0.000, 0, 21, , 
1248, 1247.0, 1.776, 91.925, 6.299, 0.000, 0, 21, , 
1249, 1248.0, 1.770, 92.397, 5.833, 0.000, 0, 21, , 
1250, 1249.0, 2.115, 87.934, 9.952, 0.000, 0, 21, , 
1251, 1250.0, 1.882, 89.653, 8.465, 0.000, 0, 21, , 
1252, 1251.0, 1.486, 84.247, 14.032, 0.235, 0, 21, , 
1253, 1252.0, 1.989, 92.967, 5.044, 0.000, 0, 21, , 
1254, 1253.0, 1.572, 93.174, 5.254, 0.000, 0, 21, , 
1255, 1254.0, 1.557, 89.617, 8.826, 0.000, 0, 21, , 
1256, 1255.0, 1.907, 89.014, 9.079, 0.000, 0, 21, , 
1257, 1256.0, 1.651, 89.929, 8.419, 0.000, 0, 21, , 
1258, 1257.0, 1.657, 90.895, 7.447, 0.000, 0, 21, , 
1259, 1258.0, 1.721, 88.540, 9.739, 0.000, 0, 21, , 
1260, 1259.0, 1.570, 84.152, 14.278, 0.000, 0, 21, , 
1261, 1260.0, 1.846, 86.512, 11.642, 0.000, 0, 21, , 
1262, 1261.0, 1.688, 91.568, 6.744, 0.000, 0, 21, , 
1263, 1262.0, 2.021, 92.040, 5.940, 0.000, 0, 21, , 
1264, 1263.0, 1.598, 92.636, 5.766, 0.000, 0, 21, , 
1265, 1264.0, 1.896, 92.829, 5.275, 0.000, 0, 21, , 
1266, 1265.0, 1.602, 94.614, 3.783, 0.000, 0, 21, , 
1267, 1266.0, 2.064, 91.923, 6.012, 0.000, 0, 21, , 
1268, 1267.0, 1.600, 89.628, 8.773, 0.000, 0, 21, , 
1269, 1268.0, 1.822, 93.848, 4.017, 0.313, 0, 21, , 
1270, 1269.0, 1.623, 92.537, 5.840, 0.000, 0, 21, , 
1271, 1270.0, 2.083, 90.013, 7.904, 0.000, 0, 21, , 
1272, 1271.0, 1.943, 84.072, 13.985, 0.000, 0, 21, , 
1273, 1272.0, 1.315, 82.251, 16.434, 0.000, 0, 21, , 
1274, 1273.0, 1.851, 92.519, 5.630, 0.000, 0, 21, , 
1275, 1274.0, 1.629, 93.341, 5.030, 0.000, 0, 21, , 
1276, 1275.0, 1.602, 89.522, 8.876, 0.000, 0, 21, , 
1277, 1276.0, 1.771, 84.912, 13.317, 0.000, 0, 21, , 
1278, 1277.0, 2.003, 85.927, 12.070, 0.000, 0, 21, , 
1279, 1278.0, 1.524, 90.824, 7.652, 0.000, 0, 21, , 
1280, 1279.0, 1.556, 90.543, 7.901, 0.000, 0, 21, , 
1281, 1280.0, 1.662, 84.692, 13.646, 0.000, 0, 21, , 
1282, 1281.0, 1.505, 85.806, 12.689, 0.000, 0, 21, , 
1283, 1282.0, 2.014, 86.801, 11.185, 0.000, 0, 21, , 
1284, 1283.0, 1.956, 87.435, 10.609, 0.000, 0, 21, , 
1285, 1284.0, 1.802, 89.273, 8.925, 0.000, 0, 21, , 
1286, 1285.0, 1.614, 89.637, 8.749, 0.000, 0, 21, , 
1287, 1286.0, 1.996, 89.189, 8.814, 0.000, 0, 21, , 
1288, 1287.0, 2.402, 89.351, 8.113, 0.134, 0, 21, , 
1289, 1288.0, 1.666, 90.890, 7.445, 0.000, 0, 21, , 
1290, 1289.0, 1.683, 92.982, 5.335, 0.000, 0, 21, , 
1291, 1290.0, 1.534, 88.959, 9.507, 0.000, 0, 21, , 
1292, 1291.0, 1.606, 92.011, 6.383, 0.000, 0, 21, , 
1293, 1292.0, 1.920, 91.698, 6.382, 0.000, 0, 21, , 
1294, 1293.0, 1.153, 86.573, 12.067, 0.208, 0, 21, , 
1295, 1294.0, 1.784, 92.906, 5.310, 0.000, 0, 21, , 
1296, 1295.0, 1.914, 93.390, 4.696, 0.000, 0, 21, , 
1297, 1296.0, 2.378, 89.367, 7.990, 0.265, 0, 21, , 
1298, 1297.0, 1.985, 89.790, 8.225, 0.000, 0, 21, , 
1299, 1298.0, 1.406, 93.416, 5.178, 0.000, 0, 21, , 
1300, 1299.0, 1.520, 91.698, 6.782, 0.000, 0, 21, , 
1301, 1300.0, 2.043, 92.101, 5.857, 0.000, 0, 21, , 
1302, 1301.0, 1.792, 94.352, 3.855, 0.000, 0, 21, , 
1303, 1302.0, 1.670, 94.617, 3.713, 0.000, 0, 21, , 
1304, 1303.0, 1.583, 96.265, 2.152, 0.000, 0, 21, , 
1305, 1304.0, 1.819, 93.791, 4.390, 0.000, 0, 21, , 
1306, 1305.0, 1.614, 96.273, 2.113, 0.000, 0, 21, , 
1307, 1306.0, 1.398, 93.289, 4.969, 0.344, 0, 21, , 
1308, 1307.0, 1.723, 93.375, 4.902, 0.000, 0, 21, , 
1309, 1308.0, 1.880, 93.744, 4.376, 0.000, 0, 21, , 
1310, 1309.0, 1.910, 91.145, 6.945, 0.000, 0, 21, , 
1311, 1310.0, 1.723, 90.838, 7.438, 0.000, 0, 21, , 
1312, 1311.0, 2.031, 87.699, 10.271, 0.000, 0, 21, , 
1313, 1312.0, 1.885, 86.741, 11.198, 0.176, 0, 21, , 
1314, 1313.0, 1.325, 93.467, 5.208, 0.000, 0, 21, , 
1315, 1314.0, 1.816, 95.014, 3.170, 0.000, 0, 21, , 
1316, 1315.0, 1.682, 89.936, 8.382, 0.000, 0, 21, , 
1317, 1316.0, 1.940, 84.510, 13.549, 0.000, 0, 21, , 
1318, 1317.0, 1.488, 86.951, 11.427, 0.134, 0, 21, , 
1319, 1318.0, 1.544, 91.120, 6.998, 0.338, 0, 21, , 
1320, 1319.0, 2.066, 92.111, 5.823, 0.000, 0, 21, , 
1321, 1320.0, 2.113, 94.338, 3.549, 0.000, 0, 21, , 
1322, 1321.0, 1.950, 93.479, 4.571, 0.000, 0, 21, , 
1323, 1322.0, 1.967, 93.643, 4.390, 0.000, 0, 21, , 
1324, 1323.0, 1.838, 91.801, 6.361, 0.000, 0, 21, , 
1325, 1324.0, 1.975, 89.817, 8.208, 0.000, 0, 21, , 
1326, 1325.0, 2.034, 86.463, 11.504, 0.000, 0, 21, , 
1327, 1326.0, 2.088, 87.268, 10.644, 0.000, 0, 21, , 
1328, 1327.0, 1.453, 89.085, 9.462, 0.000, 0, 21, , 
1329, 1328.0, 1.986, 88.564, 9.451, 0.000, 0, 21, , 
1330, 1329.0, 2.096, 91.289, 6.615, 0.000, 0, 21, , 
1331, 1330.0, 1.234, 93.434, 5.332, 0.000, 0, 21, , 
1332, 1331.0, 1.445, 94.166, 4.390, 0.000, 0, 21, , 
1333, 1332.0, 1.939, 93.652, 4.409, 0.000, 0, 21, , 
1334, 1333.0, 1.452, 92.984, 5.565, 0.000, 0, 21, , 
1335, 1334.0, 2.337, 88.968, 8.695, 0.000, 0, 21, , 
1336, 1335.0, 1.360, 91.763, 6.877, 0.000, 0, 21, , 
1337, 1336.0, 1.844, 90.146, 7.803, 0.207, 0, 21, , 
1338, 1337.0, 1.983, 90.930, 6.880, 0.207, 0, 21, , 
1339, 1338.0, 1.786, 91.823, 6.391, 0.000, 0, 21, , 
1340, 1339.0, 1.670, 90.084, 8.245, 0.000, 0, 21, , 
1341, 1340.0, 2.342, 88.228, 9.430, 0.000, 0, 21, , 
1342, 1341.0, 1.945, 90.430, 7.625, 0.000, 0, 21, , 
1343, 1342.0, 1.050, 91.418, 7.532, 0.000, 0, 21, , 
1344, 1343.0, 2.010, 90.939, 7.051, 0.000, 0, 21, , 
1345, 1344.0, 1.546, 88.454, 9.999, 0.000, 0, 21, , 
1346, 1345.0, 1.669, 90.670, 7.661, 0.000, 0, 21, , 
1347, 1346.0, 1.157, 92.442, 6.401, 0.000, 0, 21, , 
1348, 1347.0, 1.252, 92.742, 6.006, 0.000, 0, 21, , 
1349, 1348.0, 1.960, 91.822, 6.218, 0.000, 0, 21, , 
1350, 1349.0, 1.646, 91.313, 7.041, 0.000, 0, 21, , 
1351, 1350.0, 1.130, 91.796, 7.074, 0.000, 0, 21, , 
1352, 1351.0, 1.077, 91.759, 7.164, 0.000, 0, 21, , 
1353, 1352.0, 0.904, 93.266, 5.830, 0.000, 0, 21, , 
1354, 1353.0, 1.752, 91.553, 6.528, 0.167, 0, 21, , 
1355, 1354.0, 1.732, 89.232, 9.036, 0.000, 0, 21, , 
1356, 1355.0, 1.471, 90.454, 8.075, 0.000, 0, 21, , 
1357, 1356.0, 1.511, 89.166, 9.323, 0.000, 0, 21, , 
1358, 1357.0, 0.913, 93.393, 5.695, 0.000, 0, 21, , 
1359, 1358.0, 1.737, 93.519, 4.744, 0.000, 0, 21, , 
1360, 1359.0, 1.818, 93.319, 4.864, 0.000, 0, 21, , 
1361, 1360.0, 1.829, 94.251, 3.920, 0.000, 0, 21, , 
1362, 1361.0, 2.202, 92.655, 5.144, 0.000, 0, 21, , 
1363, 1362.0, 1.313, 89.198, 9.489, 0.000, 0, 21, , 
1364, 1363.0, 1.999, 88.944, 8.924, 0.133, 0, 21, , 
1365, 1364.0, 1.939, 88.336, 9.724, 0.000, 0, 21, , 
1366, 1365.0, 2.263, 91.919, 5.819, 0.000, 0, 21, , 
1367, 1366.0, 1.124, 94.971, 3.905, 0.000, 0, 21, , 
1368, 1367.0, 2.149, 91.115, 6.736, 0.000, 0, 21, , 
1369, 1368.0, 1.905, 85.452, 12.643, 0.000, 0, 21, , 
1370, 1369.0, 2.068, 85.406, 12.388, 0.137, 0, 21, , 
1371, 1370.0, 1.492, 87.624, 10.884, 0.000, 0, 21, , 
1372, 1371.0, 2.064, 88.498, 9.438, 0.000, 0, 21, , 
1373, 1372.0, 1.859, 87.901, 10.106, 0.134, 0, 21, , 
1374, 1373.0, 1.691, 88.705, 9.604, 0.000, 0, 21, , 
1375, 1374.0, 1.646, 87.354, 11.000, 0.000, 0, 21, , 
1376, 1375.0, 2.013, 94.001, 3.847, 0.139, 0, 21, , 
1377, 1376.0, 1.779, 95.156, 3.065, 0.000, 0, 21, , 
1378, 1377.0, 1.762, 94.171, 4.067, 0.000, 0, 21, , 
1379, 1378.0, 1.535, 89.924, 8.541, 0.000, 0, 21, , 
1380, 1379.0, 1.162, 83.704, 15.134, 0.000, 0, 21, , 
1381, 1380.0, 2.612, 83.775, 13.613, 0.000, 0, 21, , 
1382, 1381.0, 2.047, 87.612, 10.341, 0.000, 0, 21, , 
1383, 1382.0, 2.051, 93.384, 4.565, 0.000, 0, 21, , 
1384, 1383.0, 2.145, 95.174, 2.681, 0.000, 0, 21, , 
1385, 1384.0, 1.835, 95.871, 2.294, 0.000, 0, 21, , 
1386, 1385.0, 1.478, 92.541, 5.982, 0.000, 0, 21, , 
1387, 1386.0, 1.830, 87.836, 10.334, 0.000, 0, 21, , 
1388, 1387.0, 1.528, 85.544, 12.762, 0.166, 0, 21, , 
1389, 1388.0, 1.778, 84.139, 13.950, 0.134, 0, 21, , 
1390, 1389.0, 1.623, 89.303, 9.074, 0.000, 0, 21, , 
1391, 1390.0, 1.283, 91.173, 7.544, 0.000, 0, 21, , 
1392, 1391.0, 1.589, 91.396, 6.878, 0.138, 0, 21, , 
1393, 1392.0, 1.532, 90.747, 7.721, 0.000, 0, 21, , 
1394, 1393.0, 2.472, 88.002, 9.525, 0.000, 0, 21, , 
1395, 1394.0, 1.711, 87.160, 11.128, 0.000, 0, 21, , 
1396, 1395.0, 2.032, 87.384, 10.584, 0.000, 0, 21, , 
1397, 1396.0, 1.183, 89.910, 8.907, 0.000, 0, 21, , 
1398, 1397.0, 1.159, 91.588, 7.253, 0.000, 0, 21, , 
1399, 1398.0, 1.612, 91.525, 6.862, 0.000, 0, 21, , 
1400, 1399.0, 1.727, 88.867, 9.406, 0.000, 0, 21, , 
1401, 1400.0, 0.771, 89.446, 9.784, 0.000, 0, 21, , 
1402, 1401.0, 1.859, 85.957, 12.184, 0.000, 0, 21, , 
1403, 1402.0, 1.522, 83.287, 15.191, 0.000, 0, 21, , 
1404, 1403.0, 1.485, 84.240, 14.275, 0.000, 0, 21, , 
1405, 1404.0, 1.623, 93.748, 4.496, 0.134, 0, 21, , 
1406, 1405.0, 1.097, 95.177, 3.726, 0.000, 0, 21, , 
1407, 1406.0, 1.976, 90.318, 7.707, 0.000, 0, 21, , 
1408, 1407.0, 1.347, 84.292, 14.360, 0.000, 0, 21, , 
1409, 1408.0, 1.642, 89.754, 8.604, 0.000, 0, 21, , 
1410, 1409.0, 1.639, 91.420, 6.941, 0.000, 0, 21, , 
1411, 1410.0, 1.287, 91.872, 6.841, 0.000, 0, 21, , 
1412, 1411.0, 0.919, 92.453, 6.629, 0.000, 0, 21, , 
1413, 1412.0, 1.603, 89.514, 8.882, 0.000, 0, 21, , 
1414, 1413.0, 1.298, 88.114, 10.588, 0.000, 0, 21, , 
1415, 1414.0, 1.533, 91.893, 6.574, 0.000, 0, 21, , 
1416, 1415.0, 2.288, 90.511, 7.201, 0.000, 0, 21, , 
1417, 1416.0, 2.026, 89.045, 8.693, 0.236, 0, 21, , 
1418, 1417.0, 1.586, 90.313, 8.102, 0.000, 0, 21, , 
1419, 1418.0, 2.283, 88.718, 8.673, 0.326, 0, 21, , 
1420, 1419.0, 1.836, 86.475, 11.689, 0.000, 0, 21, , 
1421, 1420.0, 1.869, 86.548, 11.583, 0.000, 0, 21, , 
1422, 1421.0, 1.722, 89.440, 8.669, 0.168, 0, 21, , 
1423, 1422.0, 1.855, 91.576, 6.569, 0.000, 0, 21, , 
1424, 1423.0, 1.955, 90.532, 7.513, 0.000, 0, 21, , 
1425, 1424.0, 1.655, 90.250, 8.095, 0.000, 0, 21, , 
1426, 1425.0, 0.969, 89.697, 9.335, 0.000, 0, 21, , 
1427, 1426.0, 0.883, 91.779, 7.337, 0.000, 0, 21, , 
1428, 1427.0, 1.344, 89.608, 9.047, 0.000, 0, 21, , 
1429, 1428.0, 1.423, 85.454, 13.123, 0.000, 0, 21, , 
1430, 1429.0, 0.968, 89.339, 9.693, 0.000, 0, 21, , 
1431, 1430.0, 1.782, 89.802, 8.416, 0.000, 0, 21, , 
1432, 1431.0, 1.657, 89.768, 8.269, 0.305, 0, 21, , 
1433, 1432.0, 2.143, 90.460, 7.191, 0.206, 0, 21, , 
1434, 1433.0, 1.777, 89.464, 8.758, 0.000, 0, 21, , 
1435, 1434.0, 1.755, 88.524, 9.721, 0.000, 0, 21, , 
1436, 1435.0, 1.610, 90.804, 7.238, 0.348, 0, 21, , 
1437, 1436.0, 1.759, 91.384, 6.857, 0.000, 0, 21, , 
1438, 1437.0, 2.092, 86.259, 11.410, 0.239, 0, 21, , 
1439, 1438.0, 1.638, 84.436, 13.727, 0.199, 0, 21, , 
1440, 1439.0, 1.522, 82.730, 15.615, 0.133, 0, 21, , 
1441, 1440.0, 1.923, 89.649, 8.428, 0.000, 0, 21, , 
1442, 1441.0, 1.394, 90.092, 8.515, 0.000, 0, 21, , 
1443, 1442.0, 1.627, 86.819, 11.554, 0.000, 0, 21, , 
1444, 1443.0, 2.503, 85.849, 11.169, 0.480, 0, 21, , 
1445, 1444.0, 2.775, 84.645, 11.942, 0.638, 0, 21, , 
